-- phpMyAdmin SQL Dump
-- version 4.6.4
-- https://www.phpmyadmin.net/
--
-- Host: 127.0.0.1
-- Generation Time: Dec 24, 2018 at 09:18 AM
-- Server version: 5.7.14
-- PHP Version: 5.6.25

SET SQL_MODE = "NO_AUTO_VALUE_ON_ZERO";
SET time_zone = "+00:00";


/*!40101 SET @OLD_CHARACTER_SET_CLIENT=@@CHARACTER_SET_CLIENT */;
/*!40101 SET @OLD_CHARACTER_SET_RESULTS=@@CHARACTER_SET_RESULTS */;
/*!40101 SET @OLD_COLLATION_CONNECTION=@@COLLATION_CONNECTION */;
/*!40101 SET NAMES utf8mb4 */;

--
-- Database: `institution`
--

-- --------------------------------------------------------

--
-- Table structure for table `admin`
--

CREATE TABLE `admin` (
  `admin_id` int(10) NOT NULL,
  `admin_name` varchar(20) NOT NULL,
  `login_id` varchar(25) NOT NULL,
  `password` varchar(20) NOT NULL,
  `email_id` varchar(20) NOT NULL,
  `created_at` date NOT NULL,
  `last_login` datetime NOT NULL
) ENGINE=InnoDB DEFAULT CHARSET=latin1;

--
-- Dumping data for table `admin`
--

INSERT INTO `admin` (`admin_id`, `admin_name`, `login_id`, `password`, `email_id`, `created_at`, `last_login`) VALUES
(1, 'nyamsuren', 'nyam', '1234', 'nyam@gmail.com', '2018-11-05', '2018-12-24 05:12:07');

-- --------------------------------------------------------

--
-- Table structure for table `adv_disadv`
--

CREATE TABLE `adv_disadv` (
  `sl_no` int(10) NOT NULL,
  `surveyno` varchar(25) NOT NULL,
  `strong_point` text NOT NULL,
  `weak_point` text NOT NULL,
  `lastupdate` datetime NOT NULL
) ENGINE=InnoDB DEFAULT CHARSET=latin1;

--
-- Dumping data for table `adv_disadv`
--

INSERT INTO `adv_disadv` (`sl_no`, `surveyno`, `strong_point`, `weak_point`, `lastupdate`) VALUES
(1, '83', 'a:7:{i:0;s:23:"Good classroom facility";i:1;s:15:"Good playground";i:2;s:17:"Good lab facility";i:3;s:1:"3";i:4;s:1:"4";i:5;s:1:"5";i:6;s:1:"6";}', 'a:7:{i:0;s:23:"no correct van facility";i:1;s:25:"No correct water facility";i:2;s:1:"2";i:3;s:1:"3";i:4;s:1:"4";i:5;s:1:"5";i:6;s:1:"6";}', '2013-02-21 00:00:00'),
(3, '84', 'a:7:{i:0;s:22:"Goog teaching facility";i:1;s:17:"good lab facility";i:2;s:0:"";i:3;s:0:"";i:4;s:0:"";i:5;s:0:"";i:6;s:0:"";}', 'a:7:{i:0;s:21:"no correct playground";i:1;s:23:"no correct van facility";i:2;s:25:"no correct water facility";i:3;s:0:"";i:4;s:0:"";i:5;s:0:"";i:6;s:0:"";}', '2013-02-22 00:00:00'),
(4, '85', 'a:7:{i:0;s:24:"Good teaching facilities";i:1;s:17:"Good lab facility";i:2;s:15:"good playground";i:3;s:0:"";i:4;s:0:"";i:5;s:0:"";i:6;s:0:"";}', 'a:7:{i:0;s:20:"no good van facility";i:1;s:25:"no correct water facility";i:2;s:0:"";i:3;s:0:"";i:4;s:0:"";i:5;s:0:"";i:6;s:0:"";}', '2013-02-22 00:00:00'),
(5, '86', '', '', '0000-00-00 00:00:00'),
(6, '87', 'a:7:{i:0;s:22:"Good teaching facility";i:1;s:11:"good campus";i:2;s:17:"good lab facility";i:3;s:0:"";i:4;s:0:"";i:5;s:0:"";i:6;s:0:"";}', 'a:7:{i:0;s:23:"no correct van facility";i:1;s:25:"no correct water facility";i:2;s:0:"";i:3;s:0:"";i:4;s:0:"";i:5;s:0:"";i:6;s:0:"";}', '2013-02-22 00:00:00'),
(7, '88', 'a:7:{i:0;s:20:"Good teaching staff.";i:1;s:20:"good campus facility";i:2;s:24:"good palyground facility";i:3;s:0:"";i:4;s:0:"";i:5;s:0:"";i:6;s:0:"";}', 'a:7:{i:0;s:25:"no correct water facility";i:1;s:23:"no correct van facility";i:2;s:0:"";i:3;s:0:"";i:4;s:0:"";i:5;s:0:"";i:6;s:0:"";}', '2013-02-22 00:00:00'),
(8, '89', '', '', '0000-00-00 00:00:00'),
(9, '', 'a:7:{i:0;s:23:"Good education facility";i:1;s:17:"Good lab facility";i:2;s:16:"good playground.";i:3;s:1:"3";i:4;s:1:"4";i:5;s:1:"5";i:6;s:1:"6";}', 'a:7:{i:0;s:25:"no correct water facility";i:1;s:25:"no correct water facility";i:2;s:23:"no correct van facility";i:3;s:1:"3";i:4;s:1:"4";i:5;s:1:"5";i:6;s:1:"6";}', '2013-02-22 00:00:00'),
(10, '90', '', '', '0000-00-00 00:00:00'),
(11, '91', 'a:7:{i:0;s:23:"Good education facility";i:1;s:17:"Good van facility";i:2;s:0:"";i:3;s:0:"";i:4;s:0:"";i:5;s:0:"";i:6;s:0:"";}', 'a:7:{i:0;s:17:"No water facility";i:1;s:21:"no correct playground";i:2;s:0:"";i:3;s:0:"";i:4;s:0:"";i:5;s:0:"";i:6;s:0:"";}', '2013-02-22 00:00:00'),
(12, '92', '', '', '0000-00-00 00:00:00');

-- --------------------------------------------------------

--
-- Table structure for table `bag`
--

CREATE TABLE `bag` (
  `id` int(11) NOT NULL,
  `bag_name` varchar(50) NOT NULL
) ENGINE=MyISAM DEFAULT CHARSET=utf8;

--
-- Dumping data for table `bag`
--

INSERT INTO `bag` (`id`, `bag_name`) VALUES
(1, '1-р баг'),
(2, '2-р баг'),
(3, '3-р баг'),
(4, '4-р баг'),
(5, '5-р баг'),
(6, '6-р баг');

-- --------------------------------------------------------

--
-- Table structure for table `gallery`
--

CREATE TABLE `gallery` (
  `album_id` int(10) NOT NULL,
  `inst_id` int(10) NOT NULL,
  `album_name` varchar(20) NOT NULL,
  `date` date NOT NULL,
  `time` time NOT NULL,
  `description` text NOT NULL
) ENGINE=InnoDB DEFAULT CHARSET=latin1;

--
-- Dumping data for table `gallery`
--

INSERT INTO `gallery` (`album_id`, `inst_id`, `album_name`, `date`, `time`, `description`) VALUES
(2, 0, 'Alvas Ekalavya', '2012-06-12', '00:00:00', 'Dr. Alva has initiated yet another project which aims at facilitating sports arena in the state. It is a sporting extravaganza under floodlight during which time the entire town of Modabidri resemble a sports village with more than 6000 athletes from across the state take part right from primary school to university level. The Ekalavya club was established in 1988 to nurture talents in sports by adopting talented sports from various parts of the state and provided full scholarship which covers food, coaching, medical facilities and education. Several athletes of national and international fame have been groomed here which includes names like Mr. Sathish Rai who took part in Olympic Games, Jamaluddin, who represented India at the International level. Hundreds of them have set new records at inter-varsity, state level & national level and brought laurels to the club.');

-- --------------------------------------------------------

--
-- Table structure for table `infrastructure`
--

CREATE TABLE `infrastructure` (
  `sl_no` int(10) NOT NULL,
  `surveyno` varchar(25) NOT NULL,
  `infrastru` text NOT NULL,
  `lastupdate` datetime NOT NULL
) ENGINE=InnoDB DEFAULT CHARSET=latin1;

--
-- Dumping data for table `infrastructure`
--

INSERT INTO `infrastructure` (`sl_no`, `surveyno`, `infrastru`, `lastupdate`) VALUES
(14, '83', 'a:67:{i:0;s:0:"";i:1;s:1:"0";i:2;s:1:"0";i:3;s:1:"0";i:4;s:1:"0";i:5;s:1:"0";i:6;s:1:"0";i:7;s:1:"0";i:8;s:1:"0";i:9;s:1:"0";i:10;s:1:"0";i:11;s:1:"0";i:12;s:1:"0";i:13;s:1:"0";i:14;s:1:"0";i:15;s:1:"0";i:16;s:1:"0";i:17;s:1:"0";i:18;s:1:"0";i:19;s:1:"0";i:20;s:1:"0";i:21;s:1:"0";i:22;s:1:"0";i:23;s:1:"0";i:24;s:1:"0";i:25;s:1:"0";i:26;s:1:"0";i:27;s:1:"0";i:28;s:1:"0";i:29;s:1:"0";i:30;s:1:"0";i:31;s:1:"0";i:32;s:1:"0";i:33;s:1:"0";i:34;s:1:"0";i:35;s:1:"0";i:36;s:1:"0";i:37;s:1:"0";i:38;s:1:"0";i:39;s:1:"0";i:40;s:1:"0";i:41;s:1:"0";i:42;s:1:"0";i:43;s:1:"0";i:44;s:1:"0";i:45;s:1:"0";i:46;s:1:"0";i:47;s:1:"0";i:48;s:1:"0";i:49;s:1:"0";i:50;s:1:"0";i:51;s:1:"0";i:52;s:1:"0";i:53;s:1:"0";i:54;s:0:"";i:55;s:0:"";i:56;s:0:"";i:57;s:0:"";i:58;s:0:"";i:59;s:0:"";i:60;s:0:"";i:61;s:0:"";i:62;s:0:"";i:63;s:0:"";i:64;s:0:"";i:65;s:0:"";i:66;s:0:"";}', '2013-03-12 00:00:00'),
(15, '83', 'a:67:{i:0;s:0:"";i:1;s:1:"0";i:2;s:1:"0";i:3;s:1:"0";i:4;s:1:"0";i:5;s:1:"0";i:6;s:1:"0";i:7;s:1:"0";i:8;s:1:"0";i:9;s:1:"0";i:10;s:1:"0";i:11;s:1:"0";i:12;s:1:"0";i:13;s:1:"0";i:14;s:1:"0";i:15;s:1:"0";i:16;s:1:"0";i:17;s:1:"0";i:18;s:1:"0";i:19;s:1:"0";i:20;s:1:"0";i:21;s:1:"0";i:22;s:1:"0";i:23;s:1:"0";i:24;s:1:"0";i:25;s:1:"0";i:26;s:1:"0";i:27;s:1:"0";i:28;s:1:"0";i:29;s:1:"0";i:30;s:1:"0";i:31;s:1:"0";i:32;s:1:"0";i:33;s:1:"0";i:34;s:1:"0";i:35;s:1:"0";i:36;s:1:"0";i:37;s:1:"0";i:38;s:1:"0";i:39;s:1:"0";i:40;s:1:"0";i:41;s:1:"0";i:42;s:1:"0";i:43;s:1:"0";i:44;s:1:"0";i:45;s:1:"0";i:46;s:1:"0";i:47;s:1:"0";i:48;s:1:"0";i:49;s:1:"0";i:50;s:1:"0";i:51;s:1:"0";i:52;s:1:"0";i:53;s:1:"0";i:54;s:0:"";i:55;s:0:"";i:56;s:0:"";i:57;s:0:"";i:58;s:0:"";i:59;s:0:"";i:60;s:0:"";i:61;s:0:"";i:62;s:0:"";i:63;s:0:"";i:64;s:0:"";i:65;s:0:"";i:66;s:0:"";}', '2013-03-12 00:00:00'),
(16, '83', 'a:67:{i:0;s:0:"";i:1;s:1:"0";i:2;s:1:"0";i:3;s:1:"0";i:4;s:1:"0";i:5;s:1:"0";i:6;s:1:"0";i:7;s:1:"0";i:8;s:1:"0";i:9;s:1:"0";i:10;s:1:"0";i:11;s:1:"0";i:12;s:1:"0";i:13;s:1:"0";i:14;s:1:"0";i:15;s:1:"0";i:16;s:1:"0";i:17;s:1:"0";i:18;s:1:"0";i:19;s:1:"0";i:20;s:1:"0";i:21;s:1:"0";i:22;s:1:"0";i:23;s:1:"0";i:24;s:1:"0";i:25;s:1:"0";i:26;s:1:"0";i:27;s:1:"0";i:28;s:1:"0";i:29;s:1:"0";i:30;s:1:"0";i:31;s:1:"0";i:32;s:1:"0";i:33;s:1:"0";i:34;s:1:"0";i:35;s:1:"0";i:36;s:1:"0";i:37;s:1:"0";i:38;s:1:"0";i:39;s:1:"0";i:40;s:1:"0";i:41;s:1:"0";i:42;s:1:"0";i:43;s:1:"0";i:44;s:1:"0";i:45;s:1:"0";i:46;s:1:"0";i:47;s:1:"0";i:48;s:1:"0";i:49;s:1:"0";i:50;s:1:"0";i:51;s:1:"0";i:52;s:1:"0";i:53;s:1:"0";i:54;s:0:"";i:55;s:0:"";i:56;s:0:"";i:57;s:0:"";i:58;s:0:"";i:59;s:0:"";i:60;s:0:"";i:61;s:0:"";i:62;s:0:"";i:63;s:0:"";i:64;s:0:"";i:65;s:0:"";i:66;s:0:"";}', '2013-03-12 00:00:00'),
(17, '83', 'a:67:{i:0;s:0:"";i:1;s:1:"0";i:2;s:1:"0";i:3;s:1:"0";i:4;s:1:"0";i:5;s:1:"0";i:6;s:1:"0";i:7;s:1:"0";i:8;s:1:"0";i:9;s:1:"0";i:10;s:1:"0";i:11;s:1:"0";i:12;s:1:"0";i:13;s:1:"0";i:14;s:1:"0";i:15;s:1:"0";i:16;s:1:"0";i:17;s:1:"0";i:18;s:1:"0";i:19;s:1:"0";i:20;s:1:"0";i:21;s:1:"0";i:22;s:1:"0";i:23;s:1:"0";i:24;s:1:"0";i:25;s:1:"0";i:26;s:1:"0";i:27;s:1:"0";i:28;s:1:"0";i:29;s:1:"0";i:30;s:1:"0";i:31;s:1:"0";i:32;s:1:"0";i:33;s:1:"0";i:34;s:1:"0";i:35;s:1:"0";i:36;s:1:"0";i:37;s:1:"0";i:38;s:1:"0";i:39;s:1:"0";i:40;s:1:"0";i:41;s:1:"0";i:42;s:1:"0";i:43;s:1:"0";i:44;s:1:"0";i:45;s:1:"0";i:46;s:1:"0";i:47;s:1:"0";i:48;s:1:"0";i:49;s:1:"0";i:50;s:1:"0";i:51;s:1:"0";i:52;s:1:"0";i:53;s:1:"0";i:54;s:0:"";i:55;s:0:"";i:56;s:0:"";i:57;s:0:"";i:58;s:0:"";i:59;s:0:"";i:60;s:0:"";i:61;s:0:"";i:62;s:0:"";i:63;s:0:"";i:64;s:0:"";i:65;s:0:"";i:66;s:0:"";}', '2013-03-12 00:00:00'),
(18, '83', 'a:67:{i:0;s:0:"";i:1;s:1:"0";i:2;s:1:"0";i:3;s:1:"0";i:4;s:1:"0";i:5;s:1:"0";i:6;s:1:"0";i:7;s:1:"0";i:8;s:1:"0";i:9;s:1:"0";i:10;s:1:"0";i:11;s:1:"0";i:12;s:1:"0";i:13;s:1:"0";i:14;s:1:"0";i:15;s:1:"0";i:16;s:1:"0";i:17;s:1:"0";i:18;s:1:"0";i:19;s:1:"0";i:20;s:1:"0";i:21;s:1:"0";i:22;s:1:"0";i:23;s:1:"0";i:24;s:1:"0";i:25;s:1:"0";i:26;s:1:"0";i:27;s:1:"0";i:28;s:1:"0";i:29;s:1:"0";i:30;s:1:"0";i:31;s:1:"0";i:32;s:1:"0";i:33;s:1:"0";i:34;s:1:"0";i:35;s:1:"0";i:36;s:1:"0";i:37;s:1:"0";i:38;s:1:"0";i:39;s:1:"0";i:40;s:1:"0";i:41;s:1:"0";i:42;s:1:"0";i:43;s:1:"0";i:44;s:1:"0";i:45;s:1:"0";i:46;s:1:"0";i:47;s:1:"0";i:48;s:1:"0";i:49;s:1:"0";i:50;s:1:"0";i:51;s:1:"0";i:52;s:1:"0";i:53;s:1:"0";i:54;s:0:"";i:55;s:0:"";i:56;s:0:"";i:57;s:0:"";i:58;s:0:"";i:59;s:0:"";i:60;s:0:"";i:61;s:0:"";i:62;s:0:"";i:63;s:0:"";i:64;s:0:"";i:65;s:0:"";i:66;s:0:"";}', '2013-03-12 00:00:00'),
(19, '83', 'a:67:{i:0;s:0:"";i:1;s:1:"0";i:2;s:1:"0";i:3;s:1:"0";i:4;s:1:"0";i:5;s:1:"0";i:6;s:1:"0";i:7;s:1:"0";i:8;s:1:"0";i:9;s:1:"0";i:10;s:1:"0";i:11;s:1:"0";i:12;s:1:"0";i:13;s:1:"0";i:14;s:1:"0";i:15;s:1:"0";i:16;s:1:"0";i:17;s:1:"0";i:18;s:1:"0";i:19;s:1:"0";i:20;s:1:"0";i:21;s:1:"0";i:22;s:1:"0";i:23;s:1:"0";i:24;s:1:"0";i:25;s:1:"0";i:26;s:1:"0";i:27;s:1:"0";i:28;s:1:"0";i:29;s:1:"0";i:30;s:1:"0";i:31;s:1:"0";i:32;s:1:"0";i:33;s:1:"0";i:34;s:1:"0";i:35;s:1:"0";i:36;s:1:"0";i:37;s:1:"0";i:38;s:1:"0";i:39;s:1:"0";i:40;s:1:"0";i:41;s:1:"0";i:42;s:1:"0";i:43;s:1:"0";i:44;s:1:"0";i:45;s:1:"0";i:46;s:1:"0";i:47;s:1:"0";i:48;s:1:"0";i:49;s:1:"0";i:50;s:1:"0";i:51;s:1:"0";i:52;s:1:"0";i:53;s:1:"0";i:54;s:0:"";i:55;s:0:"";i:56;s:0:"";i:57;s:0:"";i:58;s:0:"";i:59;s:0:"";i:60;s:0:"";i:61;s:0:"";i:62;s:0:"";i:63;s:0:"";i:64;s:0:"";i:65;s:0:"";i:66;s:0:"";}', '2013-03-12 00:00:00'),
(20, '83', 'a:67:{i:0;s:0:"";i:1;s:1:"0";i:2;s:1:"0";i:3;s:1:"0";i:4;s:1:"0";i:5;s:1:"0";i:6;s:1:"0";i:7;s:1:"0";i:8;s:1:"0";i:9;s:1:"0";i:10;s:1:"0";i:11;s:1:"0";i:12;s:1:"0";i:13;s:1:"0";i:14;s:1:"0";i:15;s:1:"0";i:16;s:1:"0";i:17;s:1:"0";i:18;s:1:"0";i:19;s:1:"0";i:20;s:1:"0";i:21;s:1:"0";i:22;s:1:"0";i:23;s:1:"0";i:24;s:1:"0";i:25;s:1:"0";i:26;s:1:"0";i:27;s:1:"0";i:28;s:1:"0";i:29;s:1:"0";i:30;s:1:"0";i:31;s:1:"0";i:32;s:1:"0";i:33;s:1:"0";i:34;s:1:"0";i:35;s:1:"0";i:36;s:1:"0";i:37;s:1:"0";i:38;s:1:"0";i:39;s:1:"0";i:40;s:1:"0";i:41;s:1:"0";i:42;s:1:"0";i:43;s:1:"0";i:44;s:1:"0";i:45;s:1:"0";i:46;s:1:"0";i:47;s:1:"0";i:48;s:1:"0";i:49;s:1:"0";i:50;s:1:"0";i:51;s:1:"0";i:52;s:1:"0";i:53;s:1:"0";i:54;s:0:"";i:55;s:0:"";i:56;s:0:"";i:57;s:0:"";i:58;s:0:"";i:59;s:0:"";i:60;s:0:"";i:61;s:0:"";i:62;s:0:"";i:63;s:0:"";i:64;s:0:"";i:65;s:0:"";i:66;s:0:"";}', '2013-03-12 00:00:00'),
(21, '83', 'a:67:{i:0;s:0:"";i:1;s:1:"0";i:2;s:1:"0";i:3;s:1:"0";i:4;s:1:"0";i:5;s:1:"0";i:6;s:1:"0";i:7;s:1:"0";i:8;s:1:"0";i:9;s:1:"0";i:10;s:1:"0";i:11;s:1:"0";i:12;s:1:"0";i:13;s:1:"0";i:14;s:1:"0";i:15;s:1:"0";i:16;s:1:"0";i:17;s:1:"0";i:18;s:1:"0";i:19;s:1:"0";i:20;s:1:"0";i:21;s:1:"0";i:22;s:1:"0";i:23;s:1:"0";i:24;s:1:"0";i:25;s:1:"0";i:26;s:1:"0";i:27;s:1:"0";i:28;s:1:"0";i:29;s:1:"0";i:30;s:1:"0";i:31;s:1:"0";i:32;s:1:"0";i:33;s:1:"0";i:34;s:1:"0";i:35;s:1:"0";i:36;s:1:"0";i:37;s:1:"0";i:38;s:1:"0";i:39;s:1:"0";i:40;s:1:"0";i:41;s:1:"0";i:42;s:1:"0";i:43;s:1:"0";i:44;s:1:"0";i:45;s:1:"0";i:46;s:1:"0";i:47;s:1:"0";i:48;s:1:"0";i:49;s:1:"0";i:50;s:1:"0";i:51;s:1:"0";i:52;s:1:"0";i:53;s:1:"0";i:54;s:0:"";i:55;s:0:"";i:56;s:0:"";i:57;s:0:"";i:58;s:0:"";i:59;s:0:"";i:60;s:0:"";i:61;s:0:"";i:62;s:0:"";i:63;s:0:"";i:64;s:0:"";i:65;s:0:"";i:66;s:0:"";}', '2013-03-12 00:00:00'),
(22, '83', 'a:67:{i:0;s:0:"";i:1;s:1:"0";i:2;s:1:"0";i:3;s:1:"0";i:4;s:1:"0";i:5;s:1:"0";i:6;s:1:"0";i:7;s:1:"0";i:8;s:1:"0";i:9;s:1:"0";i:10;s:1:"0";i:11;s:1:"0";i:12;s:1:"0";i:13;s:1:"0";i:14;s:1:"0";i:15;s:1:"0";i:16;s:1:"0";i:17;s:1:"0";i:18;s:1:"0";i:19;s:1:"0";i:20;s:1:"0";i:21;s:1:"0";i:22;s:1:"0";i:23;s:1:"0";i:24;s:1:"0";i:25;s:1:"0";i:26;s:1:"0";i:27;s:1:"0";i:28;s:1:"0";i:29;s:1:"0";i:30;s:1:"0";i:31;s:1:"0";i:32;s:1:"0";i:33;s:1:"0";i:34;s:1:"0";i:35;s:1:"0";i:36;s:1:"0";i:37;s:1:"0";i:38;s:1:"0";i:39;s:1:"0";i:40;s:1:"0";i:41;s:1:"0";i:42;s:1:"0";i:43;s:1:"0";i:44;s:1:"0";i:45;s:1:"0";i:46;s:1:"0";i:47;s:1:"0";i:48;s:1:"0";i:49;s:1:"0";i:50;s:1:"0";i:51;s:1:"0";i:52;s:1:"0";i:53;s:1:"0";i:54;s:0:"";i:55;s:0:"";i:56;s:0:"";i:57;s:0:"";i:58;s:0:"";i:59;s:0:"";i:60;s:0:"";i:61;s:0:"";i:62;s:0:"";i:63;s:0:"";i:64;s:0:"";i:65;s:0:"";i:66;s:0:"";}', '2013-03-12 00:00:00'),
(23, '83', 'a:67:{i:0;s:0:"";i:1;s:1:"0";i:2;s:1:"0";i:3;s:1:"0";i:4;s:1:"0";i:5;s:1:"0";i:6;s:1:"0";i:7;s:1:"0";i:8;s:1:"0";i:9;s:1:"0";i:10;s:1:"0";i:11;s:1:"0";i:12;s:1:"0";i:13;s:1:"0";i:14;s:1:"0";i:15;s:1:"0";i:16;s:1:"0";i:17;s:1:"0";i:18;s:1:"0";i:19;s:1:"0";i:20;s:1:"0";i:21;s:1:"0";i:22;s:1:"0";i:23;s:1:"0";i:24;s:1:"0";i:25;s:1:"0";i:26;s:1:"0";i:27;s:1:"0";i:28;s:1:"0";i:29;s:1:"0";i:30;s:1:"0";i:31;s:1:"0";i:32;s:1:"0";i:33;s:1:"0";i:34;s:1:"0";i:35;s:1:"0";i:36;s:1:"0";i:37;s:1:"0";i:38;s:1:"0";i:39;s:1:"0";i:40;s:1:"0";i:41;s:1:"0";i:42;s:1:"0";i:43;s:1:"0";i:44;s:1:"0";i:45;s:1:"0";i:46;s:1:"0";i:47;s:1:"0";i:48;s:1:"0";i:49;s:1:"0";i:50;s:1:"0";i:51;s:1:"0";i:52;s:1:"0";i:53;s:1:"0";i:54;s:0:"";i:55;s:0:"";i:56;s:0:"";i:57;s:0:"";i:58;s:0:"";i:59;s:0:"";i:60;s:0:"";i:61;s:0:"";i:62;s:0:"";i:63;s:0:"";i:64;s:0:"";i:65;s:0:"";i:66;s:0:"";}', '2013-03-12 00:00:00'),
(24, '83', 'a:67:{i:0;s:0:"";i:1;s:1:"0";i:2;s:1:"0";i:3;s:1:"0";i:4;s:1:"0";i:5;s:1:"0";i:6;s:1:"0";i:7;s:1:"0";i:8;s:1:"0";i:9;s:1:"0";i:10;s:1:"0";i:11;s:1:"0";i:12;s:1:"0";i:13;s:1:"0";i:14;s:1:"0";i:15;s:1:"0";i:16;s:1:"0";i:17;s:1:"0";i:18;s:1:"0";i:19;s:1:"0";i:20;s:1:"0";i:21;s:1:"0";i:22;s:1:"0";i:23;s:1:"0";i:24;s:1:"0";i:25;s:1:"0";i:26;s:1:"0";i:27;s:1:"0";i:28;s:1:"0";i:29;s:1:"0";i:30;s:1:"0";i:31;s:1:"0";i:32;s:1:"0";i:33;s:1:"0";i:34;s:1:"0";i:35;s:1:"0";i:36;s:1:"0";i:37;s:1:"0";i:38;s:1:"0";i:39;s:1:"0";i:40;s:1:"0";i:41;s:1:"0";i:42;s:1:"0";i:43;s:1:"0";i:44;s:1:"0";i:45;s:1:"0";i:46;s:1:"0";i:47;s:1:"0";i:48;s:1:"0";i:49;s:1:"0";i:50;s:1:"0";i:51;s:1:"0";i:52;s:1:"0";i:53;s:1:"0";i:54;s:0:"";i:55;s:0:"";i:56;s:0:"";i:57;s:0:"";i:58;s:0:"";i:59;s:0:"";i:60;s:0:"";i:61;s:0:"";i:62;s:0:"";i:63;s:0:"";i:64;s:0:"";i:65;s:0:"";i:66;s:0:"";}', '2013-03-12 00:00:00'),
(25, '83', 'a:67:{i:0;s:0:"";i:1;s:1:"0";i:2;s:1:"0";i:3;s:1:"0";i:4;s:1:"0";i:5;s:1:"0";i:6;s:1:"0";i:7;s:1:"0";i:8;s:1:"0";i:9;s:1:"0";i:10;s:1:"0";i:11;s:1:"0";i:12;s:1:"0";i:13;s:1:"0";i:14;s:1:"0";i:15;s:1:"0";i:16;s:1:"0";i:17;s:1:"0";i:18;s:1:"0";i:19;s:1:"0";i:20;s:1:"0";i:21;s:1:"0";i:22;s:1:"0";i:23;s:1:"0";i:24;s:1:"0";i:25;s:1:"0";i:26;s:1:"0";i:27;s:1:"0";i:28;s:1:"0";i:29;s:1:"0";i:30;s:1:"0";i:31;s:1:"0";i:32;s:1:"0";i:33;s:1:"0";i:34;s:1:"0";i:35;s:1:"0";i:36;s:1:"0";i:37;s:1:"0";i:38;s:1:"0";i:39;s:1:"0";i:40;s:1:"0";i:41;s:1:"0";i:42;s:1:"0";i:43;s:1:"0";i:44;s:1:"0";i:45;s:1:"0";i:46;s:1:"0";i:47;s:1:"0";i:48;s:1:"0";i:49;s:1:"0";i:50;s:1:"0";i:51;s:1:"0";i:52;s:1:"0";i:53;s:1:"0";i:54;s:0:"";i:55;s:0:"";i:56;s:0:"";i:57;s:0:"";i:58;s:0:"";i:59;s:0:"";i:60;s:0:"";i:61;s:0:"";i:62;s:0:"";i:63;s:0:"";i:64;s:0:"";i:65;s:0:"";i:66;s:0:"";}', '2013-03-12 00:00:00'),
(26, '83', 'a:67:{i:0;s:0:"";i:1;s:1:"0";i:2;s:1:"0";i:3;s:1:"0";i:4;s:1:"0";i:5;s:1:"0";i:6;s:1:"0";i:7;s:1:"0";i:8;s:1:"0";i:9;s:1:"0";i:10;s:1:"0";i:11;s:1:"0";i:12;s:1:"0";i:13;s:1:"0";i:14;s:1:"0";i:15;s:1:"0";i:16;s:1:"0";i:17;s:1:"0";i:18;s:1:"0";i:19;s:1:"0";i:20;s:1:"0";i:21;s:1:"0";i:22;s:1:"0";i:23;s:1:"0";i:24;s:1:"0";i:25;s:1:"0";i:26;s:1:"0";i:27;s:1:"0";i:28;s:1:"0";i:29;s:1:"0";i:30;s:1:"0";i:31;s:1:"0";i:32;s:1:"0";i:33;s:1:"0";i:34;s:1:"0";i:35;s:1:"0";i:36;s:1:"0";i:37;s:1:"0";i:38;s:1:"0";i:39;s:1:"0";i:40;s:1:"0";i:41;s:1:"0";i:42;s:1:"0";i:43;s:1:"0";i:44;s:1:"0";i:45;s:1:"0";i:46;s:1:"0";i:47;s:1:"0";i:48;s:1:"0";i:49;s:1:"0";i:50;s:1:"0";i:51;s:1:"0";i:52;s:1:"0";i:53;s:1:"0";i:54;s:0:"";i:55;s:0:"";i:56;s:0:"";i:57;s:0:"";i:58;s:0:"";i:59;s:0:"";i:60;s:0:"";i:61;s:0:"";i:62;s:0:"";i:63;s:0:"";i:64;s:0:"";i:65;s:0:"";i:66;s:0:"";}', '2013-03-12 00:00:00'),
(27, '83', 'a:67:{i:0;s:1:"d";i:1;s:1:"0";i:2;s:1:"0";i:3;s:1:"0";i:4;s:1:"0";i:5;s:1:"0";i:6;s:1:"0";i:7;s:1:"0";i:8;s:1:"0";i:9;s:1:"0";i:10;s:1:"0";i:11;s:1:"0";i:12;s:1:"0";i:13;s:1:"0";i:14;s:1:"0";i:15;s:1:"0";i:16;s:1:"0";i:17;s:1:"0";i:18;s:1:"0";i:19;s:1:"0";i:20;s:1:"0";i:21;s:1:"0";i:22;s:1:"0";i:23;s:1:"0";i:24;s:1:"0";i:25;s:1:"0";i:26;s:1:"0";i:27;s:1:"0";i:28;s:1:"0";i:29;s:1:"0";i:30;s:1:"0";i:31;s:1:"0";i:32;s:1:"0";i:33;s:1:"0";i:34;s:1:"0";i:35;s:1:"0";i:36;s:1:"0";i:37;s:1:"0";i:38;s:1:"0";i:39;s:1:"0";i:40;s:1:"0";i:41;s:1:"0";i:42;s:1:"0";i:43;s:1:"0";i:44;s:1:"0";i:45;s:1:"0";i:46;s:1:"0";i:47;s:1:"0";i:48;s:1:"0";i:49;s:1:"0";i:50;s:1:"0";i:51;s:1:"0";i:52;s:1:"0";i:53;s:1:"0";i:54;s:0:"";i:55;s:0:"";i:56;s:0:"";i:57;s:0:"";i:58;s:0:"";i:59;s:0:"";i:60;s:0:"";i:61;s:0:"";i:62;s:0:"";i:63;s:0:"";i:64;s:0:"";i:65;s:0:"";i:66;s:0:"";}', '2013-03-12 00:00:00'),
(28, '83', 'a:67:{i:0;s:1:"0";i:1;s:1:"0";i:2;s:1:"0";i:3;s:1:"0";i:4;s:1:"0";i:5;s:1:"0";i:6;s:1:"0";i:7;s:1:"0";i:8;s:1:"0";i:9;s:1:"0";i:10;s:1:"0";i:11;s:1:"0";i:12;s:1:"0";i:13;s:1:"0";i:14;s:1:"0";i:15;s:1:"0";i:16;s:1:"0";i:17;s:1:"0";i:18;s:1:"0";i:19;s:1:"0";i:20;s:1:"0";i:21;s:1:"0";i:22;s:1:"0";i:23;s:1:"0";i:24;s:1:"0";i:25;s:1:"0";i:26;s:1:"0";i:27;s:1:"0";i:28;s:1:"0";i:29;s:1:"0";i:30;s:1:"0";i:31;s:1:"0";i:32;s:1:"0";i:33;s:1:"0";i:34;s:1:"0";i:35;s:1:"0";i:36;s:1:"0";i:37;s:1:"0";i:38;s:1:"0";i:39;s:1:"0";i:40;s:1:"0";i:41;s:1:"0";i:42;s:1:"0";i:43;s:1:"0";i:44;s:1:"0";i:45;s:1:"0";i:46;s:1:"0";i:47;s:1:"0";i:48;s:1:"0";i:49;s:1:"0";i:50;s:1:"0";i:51;s:1:"0";i:52;s:1:"0";i:53;s:1:"0";i:54;s:0:"";i:55;s:0:"";i:56;s:0:"";i:57;s:0:"";i:58;s:0:"";i:59;s:0:"";i:60;s:0:"";i:61;s:0:"";i:62;s:0:"";i:63;s:0:"";i:64;s:0:"";i:65;s:0:"";i:66;s:0:"";}', '2013-03-12 00:00:00'),
(29, '83', 'a:67:{i:0;s:5:"sdfds";i:1;s:1:"0";i:2;s:1:"0";i:3;s:1:"0";i:4;s:1:"0";i:5;s:1:"0";i:6;s:1:"0";i:7;s:1:"0";i:8;s:1:"0";i:9;s:1:"0";i:10;s:1:"0";i:11;s:1:"0";i:12;s:1:"0";i:13;s:1:"0";i:14;s:1:"0";i:15;s:1:"0";i:16;s:1:"0";i:17;s:1:"0";i:18;s:1:"0";i:19;s:1:"0";i:20;s:1:"0";i:21;s:1:"0";i:22;s:1:"0";i:23;s:1:"0";i:24;s:1:"0";i:25;s:1:"0";i:26;s:1:"0";i:27;s:1:"0";i:28;s:1:"0";i:29;s:1:"0";i:30;s:1:"0";i:31;s:1:"0";i:32;s:1:"0";i:33;s:1:"0";i:34;s:1:"0";i:35;s:1:"0";i:36;s:1:"0";i:37;s:1:"0";i:38;s:1:"0";i:39;s:1:"0";i:40;s:1:"0";i:41;s:1:"0";i:42;s:1:"0";i:43;s:1:"0";i:44;s:1:"0";i:45;s:1:"0";i:46;s:1:"0";i:47;s:1:"0";i:48;s:1:"0";i:49;s:1:"0";i:50;s:1:"0";i:51;s:1:"0";i:52;s:1:"0";i:53;s:1:"0";i:54;s:0:"";i:55;s:0:"";i:56;s:0:"";i:57;s:0:"";i:58;s:0:"";i:59;s:0:"";i:60;s:0:"";i:61;s:0:"";i:62;s:0:"";i:63;s:0:"";i:64;s:0:"";i:65;s:0:"";i:66;s:0:"";}', '2013-03-12 00:00:00'),
(30, '83', 'a:67:{i:0;s:2:"-4";i:1;s:1:"0";i:2;s:1:"0";i:3;s:1:"0";i:4;s:1:"0";i:5;s:1:"0";i:6;s:1:"0";i:7;s:1:"0";i:8;s:1:"0";i:9;s:1:"0";i:10;s:1:"0";i:11;s:1:"0";i:12;s:1:"0";i:13;s:1:"0";i:14;s:1:"0";i:15;s:1:"0";i:16;s:1:"0";i:17;s:1:"0";i:18;s:1:"0";i:19;s:1:"0";i:20;s:1:"0";i:21;s:1:"0";i:22;s:1:"0";i:23;s:1:"0";i:24;s:1:"0";i:25;s:1:"0";i:26;s:1:"0";i:27;s:1:"0";i:28;s:1:"0";i:29;s:1:"0";i:30;s:1:"0";i:31;s:1:"0";i:32;s:1:"0";i:33;s:1:"0";i:34;s:1:"0";i:35;s:1:"0";i:36;s:1:"0";i:37;s:1:"0";i:38;s:1:"0";i:39;s:1:"0";i:40;s:1:"0";i:41;s:1:"0";i:42;s:1:"0";i:43;s:1:"0";i:44;s:1:"0";i:45;s:1:"0";i:46;s:1:"0";i:47;s:1:"0";i:48;s:1:"0";i:49;s:1:"0";i:50;s:1:"0";i:51;s:1:"0";i:52;s:1:"0";i:53;s:1:"0";i:54;s:0:"";i:55;s:0:"";i:56;s:0:"";i:57;s:0:"";i:58;s:0:"";i:59;s:0:"";i:60;s:0:"";i:61;s:0:"";i:62;s:0:"";i:63;s:0:"";i:64;s:0:"";i:65;s:0:"";i:66;s:0:"";}', '2013-03-12 00:00:00'),
(31, '83', 'a:67:{i:0;s:1:"0";i:1;s:1:"0";i:2;s:1:"0";i:3;s:1:"0";i:4;s:1:"0";i:5;s:1:"0";i:6;s:1:"0";i:7;s:1:"0";i:8;s:1:"0";i:9;s:1:"0";i:10;s:1:"0";i:11;s:1:"0";i:12;s:1:"0";i:13;s:1:"0";i:14;s:1:"0";i:15;s:1:"0";i:16;s:1:"0";i:17;s:1:"0";i:18;s:1:"0";i:19;s:1:"0";i:20;s:1:"0";i:21;s:1:"0";i:22;s:1:"0";i:23;s:1:"0";i:24;s:1:"0";i:25;s:1:"0";i:26;s:1:"0";i:27;s:1:"0";i:28;s:1:"0";i:29;s:1:"0";i:30;s:1:"0";i:31;s:1:"0";i:32;s:1:"0";i:33;s:1:"0";i:34;s:1:"0";i:35;s:1:"0";i:36;s:1:"0";i:37;s:1:"0";i:38;s:1:"0";i:39;s:1:"0";i:40;s:1:"0";i:41;s:1:"0";i:42;s:1:"0";i:43;s:1:"0";i:44;s:1:"0";i:45;s:1:"0";i:46;s:1:"0";i:47;s:1:"0";i:48;s:1:"0";i:49;s:1:"0";i:50;s:1:"0";i:51;s:1:"0";i:52;s:1:"0";i:53;s:1:"0";i:54;s:0:"";i:55;s:0:"";i:56;s:0:"";i:57;s:0:"";i:58;s:0:"";i:59;s:0:"";i:60;s:0:"";i:61;s:0:"";i:62;s:0:"";i:63;s:0:"";i:64;s:0:"";i:65;s:0:"";i:66;s:0:"";}', '2013-03-12 00:00:00'),
(32, '83', 'a:67:{i:0;s:2:"-4";i:1;s:1:"0";i:2;s:2:"-5";i:3;s:1:"0";i:4;s:1:"0";i:5;s:1:"0";i:6;s:1:"0";i:7;s:1:"0";i:8;s:1:"0";i:9;s:1:"0";i:10;s:1:"0";i:11;s:1:"0";i:12;s:1:"0";i:13;s:1:"0";i:14;s:1:"0";i:15;s:1:"0";i:16;s:1:"0";i:17;s:1:"0";i:18;s:1:"0";i:19;s:1:"0";i:20;s:1:"0";i:21;s:1:"0";i:22;s:1:"0";i:23;s:1:"0";i:24;s:1:"0";i:25;s:1:"0";i:26;s:1:"0";i:27;s:1:"0";i:28;s:1:"0";i:29;s:1:"0";i:30;s:1:"0";i:31;s:1:"0";i:32;s:1:"0";i:33;s:1:"0";i:34;s:1:"0";i:35;s:1:"0";i:36;s:1:"0";i:37;s:1:"0";i:38;s:1:"0";i:39;s:1:"0";i:40;s:1:"0";i:41;s:1:"0";i:42;s:1:"0";i:43;s:1:"0";i:44;s:1:"0";i:45;s:1:"0";i:46;s:1:"0";i:47;s:1:"0";i:48;s:1:"0";i:49;s:1:"0";i:50;s:1:"0";i:51;s:1:"0";i:52;s:1:"0";i:53;s:1:"0";i:54;s:0:"";i:55;s:0:"";i:56;s:0:"";i:57;s:0:"";i:58;s:0:"";i:59;s:0:"";i:60;s:0:"";i:61;s:0:"";i:62;s:0:"";i:63;s:0:"";i:64;s:0:"";i:65;s:0:"";i:66;s:0:"";}', '2013-03-12 00:00:00'),
(33, '83', 'a:67:{i:0;s:2:"-4";i:1;s:1:"0";i:2;s:2:"-5";i:3;s:1:"0";i:4;s:1:"0";i:5;s:1:"0";i:6;s:1:"0";i:7;s:1:"0";i:8;s:1:"0";i:9;s:1:"0";i:10;s:1:"0";i:11;s:1:"0";i:12;s:1:"0";i:13;s:1:"0";i:14;s:1:"0";i:15;s:1:"0";i:16;s:1:"0";i:17;s:1:"0";i:18;s:1:"0";i:19;s:1:"0";i:20;s:1:"0";i:21;s:1:"0";i:22;s:1:"0";i:23;s:1:"0";i:24;s:1:"0";i:25;s:1:"0";i:26;s:1:"0";i:27;s:1:"0";i:28;s:1:"0";i:29;s:1:"0";i:30;s:1:"0";i:31;s:1:"0";i:32;s:1:"0";i:33;s:1:"0";i:34;s:1:"0";i:35;s:1:"0";i:36;s:1:"0";i:37;s:1:"0";i:38;s:1:"0";i:39;s:1:"0";i:40;s:1:"0";i:41;s:1:"0";i:42;s:1:"0";i:43;s:1:"0";i:44;s:1:"0";i:45;s:1:"0";i:46;s:1:"0";i:47;s:1:"0";i:48;s:1:"0";i:49;s:1:"0";i:50;s:1:"0";i:51;s:1:"0";i:52;s:1:"0";i:53;s:1:"0";i:54;s:0:"";i:55;s:0:"";i:56;s:0:"";i:57;s:0:"";i:58;s:0:"";i:59;s:0:"";i:60;s:0:"";i:61;s:0:"";i:62;s:0:"";i:63;s:0:"";i:64;s:0:"";i:65;s:0:"";i:66;s:0:"";}', '2013-03-12 00:00:00'),
(34, '83', 'a:67:{i:0;s:2:"-4";i:1;s:1:"0";i:2;s:2:"-5";i:3;s:1:"0";i:4;s:1:"0";i:5;s:1:"0";i:6;s:1:"0";i:7;s:1:"0";i:8;s:1:"0";i:9;s:1:"0";i:10;s:1:"0";i:11;s:1:"0";i:12;s:1:"0";i:13;s:1:"0";i:14;s:1:"0";i:15;s:1:"0";i:16;s:1:"0";i:17;s:1:"0";i:18;s:1:"0";i:19;s:1:"0";i:20;s:1:"0";i:21;s:1:"0";i:22;s:1:"0";i:23;s:1:"0";i:24;s:1:"0";i:25;s:1:"0";i:26;s:1:"0";i:27;s:1:"0";i:28;s:1:"0";i:29;s:1:"0";i:30;s:1:"0";i:31;s:1:"0";i:32;s:1:"0";i:33;s:1:"0";i:34;s:1:"0";i:35;s:1:"0";i:36;s:1:"0";i:37;s:1:"0";i:38;s:1:"0";i:39;s:1:"0";i:40;s:1:"0";i:41;s:1:"0";i:42;s:1:"0";i:43;s:1:"0";i:44;s:1:"0";i:45;s:1:"0";i:46;s:1:"0";i:47;s:1:"0";i:48;s:1:"0";i:49;s:1:"0";i:50;s:1:"0";i:51;s:1:"0";i:52;s:1:"0";i:53;s:1:"0";i:54;s:0:"";i:55;s:0:"";i:56;s:0:"";i:57;s:0:"";i:58;s:0:"";i:59;s:0:"";i:60;s:0:"";i:61;s:0:"";i:62;s:0:"";i:63;s:0:"";i:64;s:0:"";i:65;s:0:"";i:66;s:0:"";}', '2013-03-12 00:00:00'),
(35, '83', 'a:67:{i:0;s:2:"10";i:1;s:1:"0";i:2;s:2:"12";i:3;s:1:"0";i:4;s:1:"0";i:5;s:1:"0";i:6;s:1:"0";i:7;s:1:"0";i:8;s:1:"0";i:9;s:1:"0";i:10;s:1:"0";i:11;s:1:"0";i:12;s:1:"0";i:13;s:1:"0";i:14;s:1:"0";i:15;s:1:"0";i:16;s:1:"0";i:17;s:1:"0";i:18;s:1:"0";i:19;s:1:"0";i:20;s:1:"0";i:21;s:1:"0";i:22;s:1:"0";i:23;s:1:"0";i:24;s:1:"0";i:25;s:1:"0";i:26;s:1:"0";i:27;s:1:"0";i:28;s:1:"0";i:29;s:1:"0";i:30;s:1:"0";i:31;s:1:"0";i:32;s:1:"0";i:33;s:1:"0";i:34;s:1:"0";i:35;s:1:"0";i:36;s:1:"0";i:37;s:1:"0";i:38;s:1:"0";i:39;s:1:"0";i:40;s:1:"0";i:41;s:1:"0";i:42;s:1:"0";i:43;s:1:"0";i:44;s:1:"0";i:45;s:1:"0";i:46;s:1:"0";i:47;s:1:"0";i:48;s:1:"0";i:49;s:1:"0";i:50;s:1:"0";i:51;s:1:"0";i:52;s:1:"0";i:53;s:1:"0";i:54;s:0:"";i:55;s:0:"";i:56;s:0:"";i:57;s:0:"";i:58;s:0:"";i:59;s:0:"";i:60;s:0:"";i:61;s:0:"";i:62;s:0:"";i:63;s:0:"";i:64;s:0:"";i:65;s:0:"";i:66;s:0:"";}', '2013-03-12 00:00:00'),
(36, '83', 'a:67:{i:0;s:2:"10";i:1;s:1:"0";i:2;s:2:"12";i:3;s:1:"0";i:4;s:1:"0";i:5;s:1:"0";i:6;s:1:"0";i:7;s:1:"0";i:8;s:1:"0";i:9;s:1:"0";i:10;s:1:"0";i:11;s:1:"0";i:12;s:1:"0";i:13;s:1:"0";i:14;s:1:"0";i:15;s:1:"0";i:16;s:1:"0";i:17;s:1:"0";i:18;s:1:"0";i:19;s:1:"0";i:20;s:1:"0";i:21;s:1:"0";i:22;s:1:"0";i:23;s:1:"0";i:24;s:1:"0";i:25;s:1:"0";i:26;s:1:"0";i:27;s:1:"0";i:28;s:1:"0";i:29;s:1:"0";i:30;s:1:"0";i:31;s:1:"0";i:32;s:1:"0";i:33;s:1:"0";i:34;s:1:"0";i:35;s:1:"0";i:36;s:1:"0";i:37;s:1:"0";i:38;s:1:"0";i:39;s:1:"0";i:40;s:1:"0";i:41;s:1:"0";i:42;s:1:"0";i:43;s:1:"0";i:44;s:1:"0";i:45;s:1:"0";i:46;s:1:"0";i:47;s:1:"0";i:48;s:1:"0";i:49;s:1:"0";i:50;s:1:"0";i:51;s:1:"0";i:52;s:1:"0";i:53;s:1:"0";i:54;s:0:"";i:55;s:0:"";i:56;s:0:"";i:57;s:0:"";i:58;s:0:"";i:59;s:0:"";i:60;s:0:"";i:61;s:0:"";i:62;s:0:"";i:63;s:0:"";i:64;s:0:"";i:65;s:0:"";i:66;s:0:"";}', '2013-03-12 00:00:00'),
(37, '83', 'a:67:{i:0;s:2:"10";i:1;s:1:"0";i:2;s:2:"12";i:3;s:1:"0";i:4;s:1:"0";i:5;s:1:"0";i:6;s:1:"0";i:7;s:1:"0";i:8;s:1:"0";i:9;s:1:"0";i:10;s:1:"0";i:11;s:1:"0";i:12;s:1:"0";i:13;s:1:"0";i:14;s:1:"0";i:15;s:1:"0";i:16;s:1:"0";i:17;s:1:"0";i:18;s:1:"0";i:19;s:1:"0";i:20;s:1:"0";i:21;s:1:"0";i:22;s:1:"0";i:23;s:1:"0";i:24;s:1:"0";i:25;s:1:"0";i:26;s:1:"0";i:27;s:1:"0";i:28;s:1:"0";i:29;s:1:"0";i:30;s:1:"0";i:31;s:1:"0";i:32;s:1:"0";i:33;s:1:"0";i:34;s:1:"0";i:35;s:1:"0";i:36;s:1:"0";i:37;s:1:"0";i:38;s:1:"0";i:39;s:1:"0";i:40;s:1:"0";i:41;s:1:"0";i:42;s:1:"0";i:43;s:1:"0";i:44;s:1:"0";i:45;s:1:"0";i:46;s:1:"0";i:47;s:1:"0";i:48;s:1:"0";i:49;s:1:"0";i:50;s:1:"0";i:51;s:1:"0";i:52;s:1:"0";i:53;s:1:"0";i:54;s:0:"";i:55;s:0:"";i:56;s:0:"";i:57;s:0:"";i:58;s:0:"";i:59;s:0:"";i:60;s:0:"";i:61;s:0:"";i:62;s:0:"";i:63;s:0:"";i:64;s:0:"";i:65;s:0:"";i:66;s:0:"";}', '2013-03-12 00:00:00'),
(38, '83', 'a:67:{i:0;s:2:"10";i:1;s:1:"0";i:2;s:2:"12";i:3;s:1:"0";i:4;s:2:"10";i:5;s:1:"0";i:6;s:1:"0";i:7;s:1:"0";i:8;s:1:"0";i:9;s:1:"0";i:10;s:1:"0";i:11;s:1:"0";i:12;s:1:"0";i:13;s:1:"0";i:14;s:1:"0";i:15;s:1:"0";i:16;s:1:"0";i:17;s:1:"0";i:18;s:1:"0";i:19;s:1:"0";i:20;s:1:"0";i:21;s:1:"0";i:22;s:1:"0";i:23;s:1:"0";i:24;s:1:"0";i:25;s:1:"0";i:26;s:1:"0";i:27;s:1:"0";i:28;s:1:"0";i:29;s:1:"0";i:30;s:1:"0";i:31;s:1:"0";i:32;s:1:"0";i:33;s:1:"0";i:34;s:1:"0";i:35;s:1:"0";i:36;s:1:"0";i:37;s:1:"0";i:38;s:1:"0";i:39;s:1:"0";i:40;s:1:"0";i:41;s:1:"0";i:42;s:1:"0";i:43;s:1:"0";i:44;s:1:"0";i:45;s:1:"0";i:46;s:1:"0";i:47;s:1:"0";i:48;s:1:"0";i:49;s:1:"0";i:50;s:1:"0";i:51;s:1:"0";i:52;s:1:"0";i:53;s:1:"0";i:54;s:0:"";i:55;s:0:"";i:56;s:0:"";i:57;s:0:"";i:58;s:0:"";i:59;s:0:"";i:60;s:0:"";i:61;s:0:"";i:62;s:0:"";i:63;s:0:"";i:64;s:0:"";i:65;s:0:"";i:66;s:0:"";}', '2013-03-12 00:00:00'),
(39, '83', 'a:67:{i:0;s:2:"10";i:1;s:1:"0";i:2;s:2:"12";i:3;s:1:"0";i:4;s:2:"10";i:5;s:1:"0";i:6;s:2:"-6";i:7;s:1:"0";i:8;s:1:"0";i:9;s:1:"0";i:10;s:1:"0";i:11;s:1:"0";i:12;s:1:"0";i:13;s:1:"0";i:14;s:1:"0";i:15;s:1:"0";i:16;s:1:"0";i:17;s:1:"0";i:18;s:1:"0";i:19;s:1:"0";i:20;s:1:"0";i:21;s:1:"0";i:22;s:1:"0";i:23;s:1:"0";i:24;s:1:"0";i:25;s:1:"0";i:26;s:1:"0";i:27;s:1:"0";i:28;s:1:"0";i:29;s:1:"0";i:30;s:1:"0";i:31;s:1:"0";i:32;s:1:"0";i:33;s:1:"0";i:34;s:1:"0";i:35;s:1:"0";i:36;s:1:"0";i:37;s:1:"0";i:38;s:1:"0";i:39;s:1:"0";i:40;s:1:"0";i:41;s:1:"0";i:42;s:1:"0";i:43;s:1:"0";i:44;s:1:"0";i:45;s:1:"0";i:46;s:1:"0";i:47;s:1:"0";i:48;s:1:"0";i:49;s:1:"0";i:50;s:1:"0";i:51;s:1:"0";i:52;s:1:"0";i:53;s:1:"0";i:54;s:0:"";i:55;s:0:"";i:56;s:0:"";i:57;s:0:"";i:58;s:0:"";i:59;s:0:"";i:60;s:0:"";i:61;s:0:"";i:62;s:0:"";i:63;s:0:"";i:64;s:0:"";i:65;s:0:"";i:66;s:0:"";}', '2013-03-12 00:00:00');

-- --------------------------------------------------------

--
-- Table structure for table `institute`
--

CREATE TABLE `institute` (
  `inst_id` varchar(25) NOT NULL,
  `inst_type` varchar(50) NOT NULL,
  `inst_name` varchar(50) NOT NULL,
  `address` varchar(100) NOT NULL,
  `telephone` varchar(15) NOT NULL,
  `pincode` varchar(10) NOT NULL,
  `email` varchar(25) NOT NULL,
  `website` varchar(25) NOT NULL,
  `area_type` varchar(20) NOT NULL,
  `total_population` int(10) NOT NULL,
  `populationcommwise` text NOT NULL,
  `year_ofestabl` varchar(10) NOT NULL,
  `school_status` varchar(20) NOT NULL,
  `medium` varchar(20) NOT NULL,
  `area` varchar(20) NOT NULL,
  `school_type` varchar(20) NOT NULL
) ENGINE=InnoDB DEFAULT CHARSET=utf8;

--
-- Dumping data for table `institute`
--

INSERT INTO `institute` (`inst_id`, `inst_type`, `inst_name`, `address`, `telephone`, `pincode`, `email`, `website`, `area_type`, `total_population`, `populationcommwise`, `year_ofestabl`, `school_status`, `medium`, `area`, `school_type`) VALUES
('1', 'Дархан', '13-р баг', 'shariin gol 33', '97670371088', '241', 'saruul@gmail.com', 'stda.edu.mn', 'rural', 24211, 'a:5:{i:0;s:17:"$_POST[catholics]";i:1;s:23:"$_POST[otherchristians]";i:2;s:14:"$_POST[hindus]";i:3;s:15:"$_POST[muslims]";i:4;s:14:"$_POST[others]";}', '2009', 'own', 'English', '1', 'aided'),
('10', 'Орхон', '5-р баг', 'Орхон', '97670371088', '241', 'ariuka@gmail.com', 'stda.edu.mn', 'rural', 24211, 'a:5:{i:0;s:1:"1";i:1;b:0;i:2;s:1:"1";i:3;s:1:"1";i:4;s:1:"1";}', '2008', 'own', 'English', '1', 'aided'),
('2', 'Дархан', '1-р баг', 'Bautagude Road Mangalore', '08242255654', '574115', 'Aloyious@gmail.com', 'Aloyious.com', 'urban', 1300, 'a:8:{i:0;s:3:"500";i:1;s:3:"200";i:2;s:3:"300";i:3;s:3:"200";i:4;s:3:"100";i:5;N;i:6;N;i:7;N;}', '1990', 'own', 'English', '2000 Sq mt', 'unaided'),
('3', 'Орхон', '2-р баг', 'Vidyagiri Moodbidri', '082542266469', '574136', 'ALVAS@gmail.com', 'ALVAS.com', 'rural', 1200, 'a:8:{i:0;s:3:"200";i:1;s:3:"100";i:2;s:3:"600";i:3;s:3:"150";i:4;s:3:"150";i:5;N;i:6;N;i:7;N;}', '2000', 'own', 'Kannada', '2000 Sq mt', 'unaided'),
('5', 'Орхон', '1-р баг', 'Gurupura Mangalore', '08242255785', '574112', 'Balmy@gmail.com', 'Balmy.com', 'rural', 1000, 'a:5:{i:0;s:17:"$_POST[catholics]";i:1;s:23:"$_POST[otherchristians]";i:2;s:14:"$_POST[hindus]";i:3;s:15:"$_POST[muslims]";i:4;s:14:"$_POST[others]";}', '2001', 'own', 'Kannada', '1100 Sq mt', 'aided'),
('6', 'Хонгор', '9-р баг', 'Besant Mangalore', '08242255256', '574114', 'candra@gmail.com', 'Candra.com', 'urban', 1500, 'a:8:{i:0;s:3:"400";i:1;s:3:"200";i:2;s:3:"500";i:3;s:3:"100";i:4;s:3:"200";i:5;N;i:6;N;i:7;N;}', '1999', 'own', 'English', '2500 Sq mt', 'unaided'),
('7', 'Хонгор', '3-р баг', 'Ballalbagh Mangalore', '08242255156', '574122', 'Devi@gmail.com', 'Devi.com', 'urban', 1200, 'a:8:{i:0;s:3:"200";i:1;s:3:"200";i:2;s:3:"500";i:3;s:3:"100";i:4;s:3:"200";i:5;N;i:6;N;i:7;N;}', '2005', 'own', 'Kannada', '1900 Sq mt', 'aided'),
('8', 'Шарын гол', '2-р баг', 'Kaikamba Mangalore', '08242255756', '574153', 'Pompei@gmail.com', 'Pompei.com', 'urban', 900, 'a:8:{i:0;s:3:"400";i:1;s:3:"100";i:2;s:3:"200";i:3;s:3:"100";i:4;s:3:"100";i:5;N;i:6;N;i:7;N;}', '1991', 'own', 'English', '1200 Sq mt', 'aided'),
('9', 'Шарын гол', '4-р баг', 'Ganjimata Mangalore', '08242255136', '574157', 'RajAcademy@Gmail.com', 'Raj.com', 'rural', 1000, 'a:8:{i:0;s:3:"150";i:1;s:2:"50";i:2;s:3:"400";i:3;s:3:"300";i:4;s:3:"100";i:5;N;i:6;N;i:7;N;}', '1995', 'own', 'English', '1400 Sq mt', 'aided');

-- --------------------------------------------------------

--
-- Table structure for table `institute2`
--

CREATE TABLE `institute2` (
  `inst_id` int(25) NOT NULL,
  `inst_type` varchar(25) NOT NULL,
  `inst_name` varchar(25) NOT NULL,
  `address` varchar(100) NOT NULL,
  `email` varchar(25) NOT NULL
) ENGINE=InnoDB DEFAULT CHARSET=utf8;

--
-- Dumping data for table `institute2`
--

INSERT INTO `institute2` (`inst_id`, `inst_type`, `inst_name`, `address`, `email`) VALUES
(5, 'Орхон', '4-р баг', 'Орхон', 'ariuk@gmail.com'),
(8, 'Дархан', '1-р баг', 'Дархан', 'nyam@gmail.com');

-- --------------------------------------------------------

--
-- Table structure for table `miscdetails`
--

CREATE TABLE `miscdetails` (
  `sl_no` int(10) NOT NULL,
  `surveyno` varchar(25) NOT NULL,
  `lastupdate` datetime NOT NULL,
  `mis_details` text NOT NULL,
  `any_suggestion` text NOT NULL
) ENGINE=InnoDB DEFAULT CHARSET=latin1;

--
-- Dumping data for table `miscdetails`
--

INSERT INTO `miscdetails` (`sl_no`, `surveyno`, `lastupdate`, `mis_details`, `any_suggestion`) VALUES
(9, '91', '2013-02-22 00:00:00', 'a:41:{i:0;s:93:"Increase:because of good educational facilities.\r\ndecrease:because no correct water facility.";i:1;s:0:"";i:2;s:0:"";i:3;s:0:"";i:4;s:0:"";i:5;s:1:"2";i:6;s:1:"3";i:7;s:1:"3";i:8;s:1:"3";i:9;s:1:"2";i:10;s:1:"3";i:11;s:1:"3";i:12;s:1:"3";i:13;s:1:"2";i:14;s:1:"1";i:15;s:1:"4";i:16;s:1:"2";i:17;s:1:"3";i:18;s:1:"1";i:19;s:1:"2";i:20;s:1:"1";i:21;s:1:"2";i:22;s:1:"1";i:23;s:1:"3";i:24;s:1:"1";i:25;s:1:"3";i:26;s:1:"1";i:27;s:1:"3";i:28;s:1:"1";i:29;s:1:"2";i:30;s:1:"1";i:31;s:1:"2";i:32;s:1:"2";i:33;s:1:"1";i:34;s:1:"2";i:35;s:1:"2";i:36;s:1:"2";i:37;s:1:"2";i:38;s:1:"1";i:39;s:1:"1";i:40;s:1:"2";}', 'make correct playground'),
(10, '91', '2013-02-22 00:00:00', 'a:41:{i:0;s:93:"Increase:because of good educational facilities.\r\ndecrease:because no correct water facility.";i:1;s:0:"";i:2;s:0:"";i:3;s:0:"";i:4;s:0:"";i:5;s:1:"2";i:6;s:1:"3";i:7;s:1:"3";i:8;s:1:"3";i:9;s:1:"2";i:10;s:1:"3";i:11;s:1:"3";i:12;s:1:"3";i:13;s:1:"2";i:14;s:1:"1";i:15;s:1:"4";i:16;s:1:"2";i:17;s:1:"3";i:18;s:1:"1";i:19;s:1:"2";i:20;s:1:"1";i:21;s:1:"2";i:22;s:1:"1";i:23;s:1:"3";i:24;s:1:"1";i:25;s:1:"3";i:26;s:1:"1";i:27;s:1:"3";i:28;s:1:"1";i:29;s:1:"2";i:30;s:1:"1";i:31;s:1:"2";i:32;s:1:"2";i:33;s:1:"1";i:34;s:1:"2";i:35;s:1:"2";i:36;s:1:"2";i:37;s:1:"2";i:38;s:1:"1";i:39;s:1:"1";i:40;s:1:"2";}', 'make correct playground'),
(11, '91', '2013-02-22 00:00:00', 'a:41:{i:0;s:93:"Increase:because of good educational facilities.\r\ndecrease:because no correct water facility.";i:1;s:0:"";i:2;s:0:"";i:3;s:0:"";i:4;s:0:"";i:5;s:1:"2";i:6;s:1:"3";i:7;s:1:"3";i:8;s:1:"3";i:9;s:1:"2";i:10;s:1:"3";i:11;s:1:"3";i:12;s:1:"3";i:13;s:1:"2";i:14;s:1:"1";i:15;s:1:"4";i:16;s:1:"2";i:17;s:1:"3";i:18;s:1:"1";i:19;s:1:"2";i:20;s:1:"1";i:21;s:1:"2";i:22;s:1:"1";i:23;s:1:"3";i:24;s:1:"1";i:25;s:1:"3";i:26;s:1:"1";i:27;s:1:"3";i:28;s:1:"1";i:29;s:1:"2";i:30;s:1:"1";i:31;s:1:"2";i:32;s:1:"2";i:33;s:1:"1";i:34;s:1:"2";i:35;s:1:"2";i:36;s:1:"2";i:37;s:1:"2";i:38;s:1:"1";i:39;s:1:"1";i:40;s:1:"2";}', 'make correct playground'),
(12, '91', '2013-02-22 00:00:00', 'a:41:{i:0;s:93:"Increase:because of good educational facilities.\r\ndecrease:because no correct water facility.";i:1;s:0:"";i:2;s:0:"";i:3;s:0:"";i:4;s:0:"";i:5;s:1:"2";i:6;s:1:"3";i:7;s:1:"3";i:8;s:1:"3";i:9;s:1:"2";i:10;s:1:"3";i:11;s:1:"3";i:12;s:1:"3";i:13;s:1:"2";i:14;s:1:"1";i:15;s:1:"4";i:16;s:1:"2";i:17;s:1:"3";i:18;s:1:"1";i:19;s:1:"2";i:20;s:1:"1";i:21;s:1:"2";i:22;s:1:"1";i:23;s:1:"3";i:24;s:1:"1";i:25;s:1:"3";i:26;s:1:"1";i:27;s:1:"3";i:28;s:1:"1";i:29;s:1:"2";i:30;s:1:"1";i:31;s:1:"2";i:32;s:1:"2";i:33;s:1:"1";i:34;s:1:"2";i:35;s:1:"2";i:36;s:1:"2";i:37;s:1:"2";i:38;s:1:"1";i:39;s:1:"1";i:40;s:1:"2";}', 'make correct playground'),
(13, '91', '2013-02-22 00:00:00', 'a:41:{i:0;s:93:"Increase:because of good educational facilities.\r\ndecrease:because no correct water facility.";i:1;s:0:"";i:2;s:0:"";i:3;s:0:"";i:4;s:0:"";i:5;s:1:"2";i:6;s:1:"3";i:7;s:1:"3";i:8;s:1:"3";i:9;s:1:"2";i:10;s:1:"3";i:11;s:1:"3";i:12;s:1:"3";i:13;s:1:"2";i:14;s:1:"1";i:15;s:1:"4";i:16;s:1:"2";i:17;s:1:"3";i:18;s:1:"1";i:19;s:1:"2";i:20;s:1:"1";i:21;s:1:"2";i:22;s:1:"1";i:23;s:1:"3";i:24;s:1:"1";i:25;s:1:"3";i:26;s:1:"1";i:27;s:1:"3";i:28;s:1:"1";i:29;s:1:"2";i:30;s:1:"1";i:31;s:1:"2";i:32;s:1:"2";i:33;s:1:"1";i:34;s:1:"2";i:35;s:1:"2";i:36;s:1:"2";i:37;s:1:"2";i:38;s:1:"1";i:39;s:1:"1";i:40;s:1:"2";}', 'make correct playground'),
(14, '91', '2013-02-22 00:00:00', 'a:41:{i:0;s:93:"Increase:because of good educational facilities.\r\ndecrease:because no correct water facility.";i:1;s:0:"";i:2;s:0:"";i:3;s:0:"";i:4;s:0:"";i:5;s:1:"2";i:6;s:1:"3";i:7;s:1:"3";i:8;s:1:"3";i:9;s:1:"2";i:10;s:1:"3";i:11;s:1:"3";i:12;s:1:"3";i:13;s:1:"2";i:14;s:1:"1";i:15;s:1:"4";i:16;s:1:"2";i:17;s:1:"3";i:18;s:1:"1";i:19;s:1:"2";i:20;s:1:"1";i:21;s:1:"2";i:22;s:1:"1";i:23;s:1:"3";i:24;s:1:"1";i:25;s:1:"3";i:26;s:1:"1";i:27;s:1:"3";i:28;s:1:"1";i:29;s:1:"2";i:30;s:1:"1";i:31;s:1:"2";i:32;s:1:"2";i:33;s:1:"1";i:34;s:1:"2";i:35;s:1:"2";i:36;s:1:"2";i:37;s:1:"2";i:38;s:1:"1";i:39;s:1:"1";i:40;s:1:"2";}', 'make correct playground'),
(15, '91', '2013-02-22 00:00:00', 'a:41:{i:0;s:93:"Increase:because of good educational facilities.\r\ndecrease:because no correct water facility.";i:1;s:0:"";i:2;s:0:"";i:3;s:0:"";i:4;s:0:"";i:5;s:1:"2";i:6;s:1:"3";i:7;s:1:"3";i:8;s:1:"3";i:9;s:1:"2";i:10;s:1:"3";i:11;s:1:"3";i:12;s:1:"3";i:13;s:1:"2";i:14;s:1:"1";i:15;s:1:"4";i:16;s:1:"2";i:17;s:1:"3";i:18;s:1:"1";i:19;s:1:"2";i:20;s:1:"1";i:21;s:1:"2";i:22;s:1:"1";i:23;s:1:"3";i:24;s:1:"1";i:25;s:1:"3";i:26;s:1:"1";i:27;s:1:"3";i:28;s:1:"1";i:29;s:1:"2";i:30;s:1:"1";i:31;s:1:"2";i:32;s:1:"2";i:33;s:1:"1";i:34;s:1:"2";i:35;s:1:"2";i:36;s:1:"2";i:37;s:1:"2";i:38;s:1:"1";i:39;s:1:"1";i:40;s:1:"2";}', 'make correct playground'),
(16, '91', '2013-02-22 00:00:00', 'a:41:{i:0;s:93:"Increase:because of good educational facilities.\r\ndecrease:because no correct water facility.";i:1;s:0:"";i:2;s:0:"";i:3;s:0:"";i:4;s:0:"";i:5;s:1:"2";i:6;s:1:"3";i:7;s:1:"3";i:8;s:1:"3";i:9;s:1:"2";i:10;s:1:"3";i:11;s:1:"3";i:12;s:1:"3";i:13;s:1:"2";i:14;s:1:"1";i:15;s:1:"4";i:16;s:1:"2";i:17;s:1:"3";i:18;s:1:"1";i:19;s:1:"2";i:20;s:1:"1";i:21;s:1:"2";i:22;s:1:"1";i:23;s:1:"3";i:24;s:1:"1";i:25;s:1:"3";i:26;s:1:"1";i:27;s:1:"3";i:28;s:1:"1";i:29;s:1:"2";i:30;s:1:"1";i:31;s:1:"2";i:32;s:1:"2";i:33;s:1:"1";i:34;s:1:"2";i:35;s:1:"2";i:36;s:1:"2";i:37;s:1:"2";i:38;s:1:"1";i:39;s:1:"1";i:40;s:1:"2";}', 'make correct playground'),
(17, '91', '2013-02-22 00:00:00', 'a:41:{i:0;s:93:"Increase:because of good educational facilities.\r\ndecrease:because no correct water facility.";i:1;s:0:"";i:2;s:0:"";i:3;s:0:"";i:4;s:0:"";i:5;s:1:"2";i:6;s:1:"3";i:7;s:1:"3";i:8;s:1:"3";i:9;s:1:"2";i:10;s:1:"3";i:11;s:1:"3";i:12;s:1:"3";i:13;s:1:"2";i:14;s:1:"1";i:15;s:1:"4";i:16;s:1:"2";i:17;s:1:"3";i:18;s:1:"1";i:19;s:1:"2";i:20;s:1:"1";i:21;s:1:"2";i:22;s:1:"1";i:23;s:1:"3";i:24;s:1:"1";i:25;s:1:"3";i:26;s:1:"1";i:27;s:1:"3";i:28;s:1:"1";i:29;s:1:"2";i:30;s:1:"1";i:31;s:1:"2";i:32;s:1:"2";i:33;s:1:"1";i:34;s:1:"2";i:35;s:1:"2";i:36;s:1:"2";i:37;s:1:"2";i:38;s:1:"1";i:39;s:1:"1";i:40;s:1:"2";}', 'make correct playground'),
(18, '91', '2013-02-22 00:00:00', 'a:41:{i:0;s:93:"Increase:because of good educational facilities.\r\ndecrease:because no correct water facility.";i:1;s:0:"";i:2;s:0:"";i:3;s:0:"";i:4;s:0:"";i:5;s:1:"2";i:6;s:1:"3";i:7;s:1:"3";i:8;s:1:"3";i:9;s:1:"2";i:10;s:1:"3";i:11;s:1:"3";i:12;s:1:"3";i:13;s:1:"2";i:14;s:1:"1";i:15;s:1:"4";i:16;s:1:"2";i:17;s:1:"3";i:18;s:1:"1";i:19;s:1:"2";i:20;s:1:"1";i:21;s:1:"2";i:22;s:1:"1";i:23;s:1:"3";i:24;s:1:"1";i:25;s:1:"3";i:26;s:1:"1";i:27;s:1:"3";i:28;s:1:"1";i:29;s:1:"2";i:30;s:1:"1";i:31;s:1:"2";i:32;s:1:"2";i:33;s:1:"1";i:34;s:1:"2";i:35;s:1:"2";i:36;s:1:"2";i:37;s:1:"2";i:38;s:1:"1";i:39;s:1:"1";i:40;s:1:"2";}', 'make correct playground'),
(19, '83', '2013-03-12 00:00:00', 'a:53:{i:0;s:4:"abcd";i:1;s:1:"3";i:2;s:1:"3";i:3;s:2:"43";i:4;s:1:"0";i:5;s:1:"0";i:6;s:1:"0";i:7;s:1:"0";i:8;s:1:"0";i:9;s:1:"0";i:10;s:1:"0";i:11;s:1:"0";i:12;s:1:"0";i:13;s:1:"0";i:14;s:6:"     0";i:15;s:0:"";i:16;s:0:"";i:17;s:0:"";i:18;s:0:"";i:19;s:0:"";i:20;s:0:"";i:21;s:0:"";i:22;s:0:"";i:23;s:0:"";i:24;s:0:"";i:25;s:0:"";i:26;s:0:"";i:27;s:0:"";i:28;s:0:"";i:29;s:0:"";i:30;s:0:"";i:31;s:0:"";i:32;s:0:"";i:33;s:0:"";i:34;s:0:"";i:35;s:0:"";i:36;s:0:"";i:37;s:0:"";i:38;s:0:"";i:39;s:0:"";i:40;s:0:"";i:41;s:0:"";i:42;s:0:"";i:43;s:0:"";i:44;s:0:"";i:45;s:0:"";i:46;s:0:"";i:47;s:0:"";i:48;s:0:"";i:49;s:0:"";i:50;s:0:"";i:51;s:0:"";i:52;s:0:"";}', '');

-- --------------------------------------------------------

--
-- Table structure for table `ol`
--

CREATE TABLE `ol` (
  `inst_id` varchar(11) NOT NULL,
  `inst_type` varchar(50) NOT NULL,
  `inst_name` varchar(50) NOT NULL,
  `first_name` varchar(100) NOT NULL,
  `last_name` varchar(100) NOT NULL,
  `rd` varchar(10) NOT NULL,
  `olgolt_name` varchar(500) NOT NULL,
  `olgoh_sar` date NOT NULL,
  `mongon_dun` varchar(100) NOT NULL,
  `create_at` date NOT NULL,
  `user` varchar(100) NOT NULL
) ENGINE=MyISAM DEFAULT CHARSET=utf8;

--
-- Dumping data for table `ol`
--

INSERT INTO `ol` (`inst_id`, `inst_type`, `inst_name`, `first_name`, `last_name`, `rd`, `olgolt_name`, `olgoh_sar`, `mongon_dun`, `create_at`, `user`) VALUES
('1', 'Дархан', '12-р баг', 'Эрдэнэ', 'Саруул', 'ТА98012210', 'Арсаргааны тэтгэмж', '2018-12-20', '100000', '2018-12-17', 'Г.Нямсүрэн');

-- --------------------------------------------------------

--
-- Table structure for table `payment`
--

CREATE TABLE `payment` (
  `sl_no` int(10) NOT NULL,
  `surveyno` varchar(25) NOT NULL,
  `lastupdate` datetime NOT NULL,
  `pay_details` text NOT NULL
) ENGINE=InnoDB DEFAULT CHARSET=latin1;

--
-- Dumping data for table `payment`
--

INSERT INTO `payment` (`sl_no`, `surveyno`, `lastupdate`, `pay_details`) VALUES
(1, '83', '2013-03-12 00:00:00', 'a:47:{i:0;s:3:"UGC";i:1;s:4:"0.00";i:2;s:4:"0.00";i:3;s:4:"0.00";i:4;s:4:"0.00";i:5;s:4:"0.00";i:6;s:4:"0.00";i:7;s:3:"UGC";i:8;s:4:"0.00";i:9;s:4:"0.00";i:10;s:4:"0.00";i:11;s:4:"0.00";i:12;s:4:"0.00";i:13;s:4:"0.00";i:14;s:4:"0.00";i:15;s:4:"0.00";i:16;s:4:"0.00";i:17;s:4:"0.00";i:18;s:4:"0.00";i:19;s:4:"0.00";i:20;s:4:"0.00";i:21;s:4:"0.00";i:22;s:4:"0.00";i:23;s:4:"0.00";i:24;s:4:"0.00";i:25;s:4:"0.00";i:26;s:2:"10";i:27;s:2:"10";i:28;s:2:"20";i:29;s:4:"0.00";i:30;s:4:"0.00";i:31;s:3:"100";i:32;s:4:"0.00";i:33;s:4:"0.00";i:34;s:4:"0.00";i:35;s:0:"";i:36;s:0:"";i:37;s:0:"";i:38;s:0:"";i:39;s:0:"";i:40;s:0:"";i:41;s:0:"";i:42;s:0:"";i:43;s:0:"";i:44;s:0:"";i:45;s:0:"";i:46;s:0:"";}'),
(2, '83', '2013-03-12 00:00:00', 'a:47:{i:0;s:3:"UGC";i:1;s:4:"0.00";i:2;s:4:"0.00";i:3;s:4:"0.00";i:4;s:4:"0.00";i:5;s:4:"0.00";i:6;s:4:"0.00";i:7;s:3:"UGC";i:8;s:4:"0.00";i:9;s:4:"0.00";i:10;s:4:"0.00";i:11;s:4:"0.00";i:12;s:4:"0.00";i:13;s:4:"0.00";i:14;s:4:"0.00";i:15;s:4:"0.00";i:16;s:4:"0.00";i:17;s:4:"0.00";i:18;s:4:"0.00";i:19;s:4:"0.00";i:20;s:4:"0.00";i:21;s:4:"0.00";i:22;s:4:"0.00";i:23;s:4:"0.00";i:24;s:4:"0.00";i:25;s:4:"0.00";i:26;s:2:"10";i:27;s:2:"10";i:28;s:2:"20";i:29;s:4:"0.00";i:30;s:4:"0.00";i:31;s:3:"100";i:32;s:4:"0.00";i:33;s:4:"0.00";i:34;s:4:"0.00";i:35;s:0:"";i:36;s:0:"";i:37;s:0:"";i:38;s:0:"";i:39;s:0:"";i:40;s:0:"";i:41;s:0:"";i:42;s:0:"";i:43;s:0:"";i:44;s:0:"";i:45;s:0:"";i:46;s:0:"";}'),
(3, '83', '2013-03-12 00:00:00', 'a:47:{i:0;s:3:"UGC";i:1;s:4:"0.00";i:2;s:4:"0.00";i:3;s:4:"0.00";i:4;s:4:"0.00";i:5;s:4:"0.00";i:6;s:4:"0.00";i:7;s:3:"UGC";i:8;s:4:"0.00";i:9;s:4:"0.00";i:10;s:4:"0.00";i:11;s:4:"0.00";i:12;s:4:"0.00";i:13;s:4:"0.00";i:14;s:4:"0.00";i:15;s:4:"0.00";i:16;s:4:"0.00";i:17;s:4:"0.00";i:18;s:4:"0.00";i:19;s:4:"0.00";i:20;s:4:"0.00";i:21;s:4:"0.00";i:22;s:4:"0.00";i:23;s:4:"0.00";i:24;s:4:"0.00";i:25;s:4:"0.00";i:26;s:2:"10";i:27;s:2:"10";i:28;s:2:"20";i:29;s:4:"0.00";i:30;s:4:"0.00";i:31;s:3:"100";i:32;s:4:"0.00";i:33;s:4:"0.00";i:34;s:4:"0.00";i:35;s:0:"";i:36;s:0:"";i:37;s:0:"";i:38;s:0:"";i:39;s:0:"";i:40;s:0:"";i:41;s:0:"";i:42;s:0:"";i:43;s:0:"";i:44;s:0:"";i:45;s:0:"";i:46;s:0:"";}'),
(4, '83', '2013-03-12 00:00:00', 'a:47:{i:0;s:3:"UGC";i:1;s:4:"0.00";i:2;s:4:"0.00";i:3;s:4:"0.00";i:4;s:4:"0.00";i:5;s:4:"0.00";i:6;s:4:"0.00";i:7;s:3:"UGC";i:8;s:4:"0.00";i:9;s:4:"0.00";i:10;s:4:"0.00";i:11;s:4:"0.00";i:12;s:4:"0.00";i:13;s:4:"0.00";i:14;s:4:"0.00";i:15;s:4:"0.00";i:16;s:4:"0.00";i:17;s:4:"0.00";i:18;s:4:"0.00";i:19;s:4:"0.00";i:20;s:4:"0.00";i:21;s:4:"0.00";i:22;s:4:"0.00";i:23;s:4:"0.00";i:24;s:4:"0.00";i:25;s:4:"0.00";i:26;s:2:"10";i:27;s:2:"10";i:28;s:2:"20";i:29;s:4:"0.00";i:30;s:4:"0.00";i:31;s:3:"100";i:32;s:4:"0.00";i:33;s:4:"0.00";i:34;s:4:"0.00";i:35;s:0:"";i:36;s:0:"";i:37;s:0:"";i:38;s:0:"";i:39;s:0:"";i:40;s:0:"";i:41;s:0:"";i:42;s:0:"";i:43;s:0:"";i:44;s:0:"";i:45;s:0:"";i:46;s:0:"";}'),
(5, '83', '2013-03-12 00:00:00', 'a:47:{i:0;s:3:"UGC";i:1;s:4:"0.00";i:2;s:4:"0.00";i:3;s:4:"0.00";i:4;s:4:"0.00";i:5;s:4:"0.00";i:6;s:4:"0.00";i:7;s:3:"UGC";i:8;s:4:"0.00";i:9;s:4:"0.00";i:10;s:4:"0.00";i:11;s:4:"0.00";i:12;s:4:"0.00";i:13;s:4:"0.00";i:14;s:4:"0.00";i:15;s:4:"0.00";i:16;s:4:"0.00";i:17;s:4:"0.00";i:18;s:4:"0.00";i:19;s:4:"0.00";i:20;s:4:"0.00";i:21;s:4:"0.00";i:22;s:4:"0.00";i:23;s:4:"0.00";i:24;s:4:"0.00";i:25;s:4:"0.00";i:26;s:2:"10";i:27;s:2:"10";i:28;s:2:"20";i:29;s:4:"0.00";i:30;s:4:"0.00";i:31;s:3:"100";i:32;s:4:"0.00";i:33;s:4:"0.00";i:34;s:4:"0.00";i:35;s:0:"";i:36;s:0:"";i:37;s:0:"";i:38;s:0:"";i:39;s:0:"";i:40;s:0:"";i:41;s:0:"";i:42;s:0:"";i:43;s:0:"";i:44;s:0:"";i:45;s:0:"";i:46;s:0:"";}'),
(6, '83', '2013-03-12 00:00:00', 'a:47:{i:0;s:3:"UGC";i:1;s:4:"0.00";i:2;s:4:"0.00";i:3;s:4:"0.00";i:4;s:4:"0.00";i:5;s:4:"0.00";i:6;s:4:"0.00";i:7;s:3:"UGC";i:8;s:4:"0.00";i:9;s:4:"0.00";i:10;s:4:"0.00";i:11;s:4:"0.00";i:12;s:4:"0.00";i:13;s:4:"0.00";i:14;s:4:"0.00";i:15;s:4:"0.00";i:16;s:4:"0.00";i:17;s:4:"0.00";i:18;s:4:"0.00";i:19;s:4:"0.00";i:20;s:4:"0.00";i:21;s:4:"0.00";i:22;s:4:"0.00";i:23;s:4:"0.00";i:24;s:4:"0.00";i:25;s:4:"0.00";i:26;s:2:"10";i:27;s:2:"10";i:28;s:2:"20";i:29;s:4:"0.00";i:30;s:4:"0.00";i:31;s:3:"100";i:32;s:4:"0.00";i:33;s:4:"0.00";i:34;s:4:"0.00";i:35;s:0:"";i:36;s:0:"";i:37;s:0:"";i:38;s:0:"";i:39;s:0:"";i:40;s:0:"";i:41;s:0:"";i:42;s:0:"";i:43;s:0:"";i:44;s:0:"";i:45;s:0:"";i:46;s:0:"";}'),
(7, '83', '2013-03-12 00:00:00', 'a:47:{i:0;s:3:"UGC";i:1;s:4:"0.00";i:2;s:4:"0.00";i:3;s:4:"0.00";i:4;s:4:"0.00";i:5;s:4:"0.00";i:6;s:4:"0.00";i:7;s:3:"UGC";i:8;s:4:"0.00";i:9;s:4:"0.00";i:10;s:4:"0.00";i:11;s:4:"0.00";i:12;s:4:"0.00";i:13;s:4:"0.00";i:14;s:4:"0.00";i:15;s:4:"0.00";i:16;s:4:"0.00";i:17;s:4:"0.00";i:18;s:4:"0.00";i:19;s:4:"0.00";i:20;s:4:"0.00";i:21;s:4:"0.00";i:22;s:4:"0.00";i:23;s:4:"0.00";i:24;s:4:"0.00";i:25;s:4:"0.00";i:26;s:2:"10";i:27;s:2:"10";i:28;s:2:"20";i:29;s:4:"0.00";i:30;s:4:"0.00";i:31;s:3:"100";i:32;s:4:"0.00";i:33;s:4:"0.00";i:34;s:4:"0.00";i:35;s:0:"";i:36;s:0:"";i:37;s:0:"";i:38;s:0:"";i:39;s:0:"";i:40;s:0:"";i:41;s:0:"";i:42;s:0:"";i:43;s:0:"";i:44;s:0:"";i:45;s:0:"";i:46;s:0:"";}'),
(8, '83', '2013-03-12 00:00:00', 'a:47:{i:0;s:3:"UGC";i:1;s:4:"0.00";i:2;s:4:"0.00";i:3;s:4:"0.00";i:4;s:4:"0.00";i:5;s:4:"0.00";i:6;s:4:"0.00";i:7;s:3:"UGC";i:8;s:4:"0.00";i:9;s:4:"0.00";i:10;s:4:"0.00";i:11;s:4:"0.00";i:12;s:4:"0.00";i:13;s:4:"0.00";i:14;s:4:"0.00";i:15;s:4:"0.00";i:16;s:4:"0.00";i:17;s:4:"0.00";i:18;s:4:"0.00";i:19;s:4:"0.00";i:20;s:4:"0.00";i:21;s:4:"0.00";i:22;s:4:"0.00";i:23;s:4:"0.00";i:24;s:4:"0.00";i:25;s:4:"0.00";i:26;s:2:"10";i:27;s:2:"10";i:28;s:2:"20";i:29;s:4:"0.00";i:30;s:4:"0.00";i:31;s:3:"100";i:32;s:4:"0.00";i:33;s:4:"0.00";i:34;s:4:"0.00";i:35;s:0:"";i:36;s:0:"";i:37;s:0:"";i:38;s:0:"";i:39;s:0:"";i:40;s:0:"";i:41;s:0:"";i:42;s:0:"";i:43;s:0:"";i:44;s:0:"";i:45;s:0:"";i:46;s:0:"";}'),
(9, '83', '2013-03-12 00:00:00', 'a:47:{i:0;s:3:"UGC";i:1;s:4:"0.00";i:2;s:4:"0.00";i:3;s:4:"0.00";i:4;s:4:"0.00";i:5;s:4:"0.00";i:6;s:4:"0.00";i:7;s:3:"UGC";i:8;s:4:"0.00";i:9;s:4:"0.00";i:10;s:4:"0.00";i:11;s:4:"0.00";i:12;s:4:"0.00";i:13;s:4:"0.00";i:14;s:4:"0.00";i:15;s:4:"0.00";i:16;s:4:"0.00";i:17;s:4:"0.00";i:18;s:4:"0.00";i:19;s:4:"0.00";i:20;s:4:"0.00";i:21;s:4:"0.00";i:22;s:4:"0.00";i:23;s:4:"0.00";i:24;s:4:"0.00";i:25;s:4:"0.00";i:26;s:2:"10";i:27;s:2:"10";i:28;s:2:"20";i:29;s:4:"0.00";i:30;s:4:"0.00";i:31;s:3:"100";i:32;s:4:"0.00";i:33;s:4:"0.00";i:34;s:4:"0.00";i:35;s:0:"";i:36;s:0:"";i:37;s:0:"";i:38;s:0:"";i:39;s:0:"";i:40;s:0:"";i:41;s:0:"";i:42;s:0:"";i:43;s:0:"";i:44;s:0:"";i:45;s:0:"";i:46;s:0:"";}'),
(10, '83', '2013-03-12 00:00:00', 'a:47:{i:0;s:3:"UGC";i:1;s:4:"0.00";i:2;s:4:"0.00";i:3;s:4:"0.00";i:4;s:4:"0.00";i:5;s:4:"0.00";i:6;s:4:"0.00";i:7;s:3:"UGC";i:8;s:4:"0.00";i:9;s:4:"0.00";i:10;s:4:"0.00";i:11;s:4:"0.00";i:12;s:4:"0.00";i:13;s:4:"0.00";i:14;s:4:"0.00";i:15;s:4:"0.00";i:16;s:4:"0.00";i:17;s:4:"0.00";i:18;s:4:"0.00";i:19;s:4:"0.00";i:20;s:4:"0.00";i:21;s:4:"0.00";i:22;s:4:"0.00";i:23;s:4:"0.00";i:24;s:4:"0.00";i:25;s:4:"0.00";i:26;s:2:"10";i:27;s:2:"10";i:28;s:2:"20";i:29;s:4:"0.00";i:30;s:4:"0.00";i:31;s:3:"100";i:32;s:4:"0.00";i:33;s:4:"0.00";i:34;s:4:"0.00";i:35;s:0:"";i:36;s:0:"";i:37;s:0:"";i:38;s:0:"";i:39;s:0:"";i:40;s:0:"";i:41;s:0:"";i:42;s:0:"";i:43;s:0:"";i:44;s:0:"";i:45;s:0:"";i:46;s:0:"";}'),
(11, '83', '2013-03-12 00:00:00', 'a:47:{i:0;s:3:"UGC";i:1;s:4:"0.00";i:2;s:4:"0.00";i:3;s:4:"0.00";i:4;s:4:"0.00";i:5;s:4:"0.00";i:6;s:4:"0.00";i:7;s:3:"UGC";i:8;s:4:"0.00";i:9;s:4:"0.00";i:10;s:4:"0.00";i:11;s:4:"0.00";i:12;s:4:"0.00";i:13;s:4:"0.00";i:14;s:4:"0.00";i:15;s:4:"0.00";i:16;s:4:"0.00";i:17;s:4:"0.00";i:18;s:4:"0.00";i:19;s:4:"0.00";i:20;s:4:"0.00";i:21;s:4:"0.00";i:22;s:4:"0.00";i:23;s:4:"0.00";i:24;s:4:"0.00";i:25;s:4:"0.00";i:26;s:2:"10";i:27;s:2:"10";i:28;s:2:"20";i:29;s:4:"0.00";i:30;s:4:"0.00";i:31;s:3:"100";i:32;s:4:"0.00";i:33;s:4:"0.00";i:34;s:4:"0.00";i:35;s:0:"";i:36;s:0:"";i:37;s:0:"";i:38;s:0:"";i:39;s:0:"";i:40;s:0:"";i:41;s:0:"";i:42;s:0:"";i:43;s:0:"";i:44;s:0:"";i:45;s:0:"";i:46;s:0:"";}'),
(12, '83', '2013-03-12 00:00:00', 'a:47:{i:0;s:3:"UGC";i:1;s:4:"0.00";i:2;s:4:"0.00";i:3;s:4:"0.00";i:4;s:4:"0.00";i:5;s:4:"0.00";i:6;s:4:"0.00";i:7;s:3:"UGC";i:8;s:4:"0.00";i:9;s:4:"0.00";i:10;s:4:"0.00";i:11;s:4:"0.00";i:12;s:4:"0.00";i:13;s:4:"0.00";i:14;s:4:"0.00";i:15;s:4:"0.00";i:16;s:4:"0.00";i:17;s:4:"0.00";i:18;s:4:"0.00";i:19;s:4:"0.00";i:20;s:4:"0.00";i:21;s:4:"0.00";i:22;s:4:"0.00";i:23;s:4:"0.00";i:24;s:4:"0.00";i:25;s:4:"0.00";i:26;s:2:"10";i:27;s:2:"10";i:28;s:2:"20";i:29;s:4:"0.00";i:30;s:4:"0.00";i:31;s:3:"100";i:32;s:4:"0.00";i:33;s:4:"0.00";i:34;s:4:"0.00";i:35;s:0:"";i:36;s:0:"";i:37;s:0:"";i:38;s:0:"";i:39;s:0:"";i:40;s:0:"";i:41;s:0:"";i:42;s:0:"";i:43;s:0:"";i:44;s:0:"";i:45;s:0:"";i:46;s:0:"";}'),
(13, '83', '2013-03-12 00:00:00', 'a:47:{i:0;s:3:"UGC";i:1;s:4:"0.00";i:2;s:4:"0.00";i:3;s:4:"0.00";i:4;s:4:"0.00";i:5;s:4:"0.00";i:6;s:4:"0.00";i:7;s:3:"UGC";i:8;s:4:"0.00";i:9;s:4:"0.00";i:10;s:4:"0.00";i:11;s:4:"0.00";i:12;s:4:"0.00";i:13;s:4:"0.00";i:14;s:4:"0.00";i:15;s:4:"0.00";i:16;s:4:"0.00";i:17;s:4:"0.00";i:18;s:4:"0.00";i:19;s:4:"0.00";i:20;s:4:"0.00";i:21;s:4:"0.00";i:22;s:4:"0.00";i:23;s:4:"0.00";i:24;s:4:"0.00";i:25;s:4:"0.00";i:26;s:2:"10";i:27;s:2:"10";i:28;s:2:"20";i:29;s:4:"0.00";i:30;s:4:"0.00";i:31;s:3:"100";i:32;s:4:"0.00";i:33;s:4:"0.00";i:34;s:4:"0.00";i:35;s:0:"";i:36;s:0:"";i:37;s:0:"";i:38;s:0:"";i:39;s:0:"";i:40;s:0:"";i:41;s:0:"";i:42;s:0:"";i:43;s:0:"";i:44;s:0:"";i:45;s:0:"";i:46;s:0:"";}'),
(14, '83', '2013-03-12 00:00:00', 'a:47:{i:0;s:3:"UGC";i:1;s:4:"0.00";i:2;s:4:"0.00";i:3;s:4:"0.00";i:4;s:4:"0.00";i:5;s:4:"0.00";i:6;s:4:"0.00";i:7;s:3:"UGC";i:8;s:4:"0.00";i:9;s:4:"0.00";i:10;s:4:"0.00";i:11;s:4:"0.00";i:12;s:4:"0.00";i:13;s:4:"0.00";i:14;s:4:"0.00";i:15;s:4:"0.00";i:16;s:4:"0.00";i:17;s:4:"0.00";i:18;s:4:"0.00";i:19;s:4:"0.00";i:20;s:4:"0.00";i:21;s:4:"0.00";i:22;s:4:"0.00";i:23;s:4:"0.00";i:24;s:4:"0.00";i:25;s:4:"0.00";i:26;s:2:"10";i:27;s:2:"10";i:28;s:2:"20";i:29;s:4:"0.00";i:30;s:4:"0.00";i:31;s:3:"100";i:32;s:4:"0.00";i:33;s:4:"0.00";i:34;s:4:"0.00";i:35;s:0:"";i:36;s:0:"";i:37;s:0:"";i:38;s:0:"";i:39;s:0:"";i:40;s:0:"";i:41;s:0:"";i:42;s:0:"";i:43;s:0:"";i:44;s:0:"";i:45;s:0:"";i:46;s:0:"";}'),
(15, '83', '2013-03-12 00:00:00', 'a:47:{i:0;s:3:"UGC";i:1;s:4:"0.00";i:2;s:4:"0.00";i:3;s:4:"0.00";i:4;s:4:"0.00";i:5;s:4:"0.00";i:6;s:4:"0.00";i:7;s:3:"UGC";i:8;s:4:"0.00";i:9;s:4:"0.00";i:10;s:4:"0.00";i:11;s:4:"0.00";i:12;s:4:"0.00";i:13;s:4:"0.00";i:14;s:4:"0.00";i:15;s:4:"0.00";i:16;s:4:"0.00";i:17;s:4:"0.00";i:18;s:4:"0.00";i:19;s:4:"0.00";i:20;s:4:"0.00";i:21;s:4:"0.00";i:22;s:4:"0.00";i:23;s:4:"0.00";i:24;s:4:"0.00";i:25;s:4:"0.00";i:26;s:2:"10";i:27;s:2:"10";i:28;s:2:"20";i:29;s:4:"0.00";i:30;s:4:"0.00";i:31;s:3:"100";i:32;s:4:"0.00";i:33;s:4:"0.00";i:34;s:4:"0.00";i:35;s:0:"";i:36;s:0:"";i:37;s:0:"";i:38;s:0:"";i:39;s:0:"";i:40;s:0:"";i:41;s:0:"";i:42;s:0:"";i:43;s:0:"";i:44;s:0:"";i:45;s:0:"";i:46;s:0:"";}'),
(16, '83', '2013-03-12 00:00:00', 'a:47:{i:0;s:3:"UGC";i:1;s:4:"0.00";i:2;s:4:"0.00";i:3;s:4:"0.00";i:4;s:4:"0.00";i:5;s:4:"0.00";i:6;s:4:"0.00";i:7;s:3:"UGC";i:8;s:4:"0.00";i:9;s:4:"0.00";i:10;s:4:"0.00";i:11;s:4:"0.00";i:12;s:4:"0.00";i:13;s:4:"0.00";i:14;s:4:"0.00";i:15;s:4:"0.00";i:16;s:4:"0.00";i:17;s:4:"0.00";i:18;s:4:"0.00";i:19;s:4:"0.00";i:20;s:4:"0.00";i:21;s:4:"0.00";i:22;s:4:"0.00";i:23;s:4:"0.00";i:24;s:4:"0.00";i:25;s:4:"0.00";i:26;s:2:"10";i:27;s:2:"10";i:28;s:2:"20";i:29;s:4:"0.00";i:30;s:4:"0.00";i:31;s:3:"100";i:32;s:4:"0.00";i:33;s:4:"0.00";i:34;s:4:"0.00";i:35;s:0:"";i:36;s:0:"";i:37;s:0:"";i:38;s:0:"";i:39;s:0:"";i:40;s:0:"";i:41;s:0:"";i:42;s:0:"";i:43;s:0:"";i:44;s:0:"";i:45;s:0:"";i:46;s:0:"";}'),
(17, '83', '2013-03-12 00:00:00', 'a:47:{i:0;s:3:"UGC";i:1;s:4:"0.00";i:2;s:4:"0.00";i:3;s:4:"0.00";i:4;s:4:"0.00";i:5;s:4:"0.00";i:6;s:4:"0.00";i:7;s:3:"UGC";i:8;s:4:"0.00";i:9;s:4:"0.00";i:10;s:4:"0.00";i:11;s:4:"0.00";i:12;s:4:"0.00";i:13;s:4:"0.00";i:14;s:4:"0.00";i:15;s:4:"0.00";i:16;s:4:"0.00";i:17;s:4:"0.00";i:18;s:4:"0.00";i:19;s:4:"0.00";i:20;s:4:"0.00";i:21;s:4:"0.00";i:22;s:4:"0.00";i:23;s:4:"0.00";i:24;s:4:"0.00";i:25;s:4:"0.00";i:26;s:2:"10";i:27;s:2:"10";i:28;s:2:"20";i:29;s:4:"0.00";i:30;s:4:"0.00";i:31;s:3:"100";i:32;s:4:"0.00";i:33;s:4:"0.00";i:34;s:4:"0.00";i:35;s:0:"";i:36;s:0:"";i:37;s:0:"";i:38;s:0:"";i:39;s:0:"";i:40;s:0:"";i:41;s:0:"";i:42;s:0:"";i:43;s:0:"";i:44;s:0:"";i:45;s:0:"";i:46;s:0:"";}'),
(18, '83', '2013-03-12 00:00:00', 'a:47:{i:0;s:3:"UGC";i:1;s:4:"0.00";i:2;s:4:"0.00";i:3;s:4:"0.00";i:4;s:4:"0.00";i:5;s:4:"0.00";i:6;s:4:"0.00";i:7;s:3:"UGC";i:8;s:4:"0.00";i:9;s:4:"0.00";i:10;s:4:"0.00";i:11;s:4:"0.00";i:12;s:4:"0.00";i:13;s:4:"0.00";i:14;s:4:"0.00";i:15;s:4:"0.00";i:16;s:4:"0.00";i:17;s:4:"0.00";i:18;s:4:"0.00";i:19;s:4:"0.00";i:20;s:4:"0.00";i:21;s:4:"0.00";i:22;s:4:"0.00";i:23;s:4:"0.00";i:24;s:4:"0.00";i:25;s:4:"0.00";i:26;s:2:"10";i:27;s:2:"10";i:28;s:2:"20";i:29;s:4:"0.00";i:30;s:4:"0.00";i:31;s:3:"100";i:32;s:4:"0.00";i:33;s:4:"0.00";i:34;s:4:"0.00";i:35;s:0:"";i:36;s:0:"";i:37;s:0:"";i:38;s:0:"";i:39;s:0:"";i:40;s:0:"";i:41;s:0:"";i:42;s:0:"";i:43;s:0:"";i:44;s:0:"";i:45;s:0:"";i:46;s:0:"";}'),
(19, '83', '2013-03-12 00:00:00', 'a:47:{i:0;s:3:"UGC";i:1;s:4:"0.00";i:2;s:4:"0.00";i:3;s:4:"0.00";i:4;s:4:"0.00";i:5;s:4:"0.00";i:6;s:4:"0.00";i:7;s:3:"UGC";i:8;s:4:"0.00";i:9;s:4:"0.00";i:10;s:4:"0.00";i:11;s:4:"0.00";i:12;s:4:"0.00";i:13;s:4:"0.00";i:14;s:4:"0.00";i:15;s:4:"0.00";i:16;s:4:"0.00";i:17;s:4:"0.00";i:18;s:4:"0.00";i:19;s:4:"0.00";i:20;s:4:"0.00";i:21;s:4:"0.00";i:22;s:4:"0.00";i:23;s:4:"0.00";i:24;s:4:"0.00";i:25;s:4:"0.00";i:26;s:2:"10";i:27;s:2:"10";i:28;s:2:"20";i:29;s:4:"0.00";i:30;s:4:"0.00";i:31;s:3:"100";i:32;s:4:"0.00";i:33;s:4:"0.00";i:34;s:4:"0.00";i:35;s:0:"";i:36;s:0:"";i:37;s:0:"";i:38;s:0:"";i:39;s:0:"";i:40;s:0:"";i:41;s:0:"";i:42;s:0:"";i:43;s:0:"";i:44;s:0:"";i:45;s:0:"";i:46;s:0:"";}'),
(20, '83', '2013-03-12 00:00:00', 'a:47:{i:0;s:3:"UGC";i:1;s:4:"0.00";i:2;s:4:"0.00";i:3;s:4:"0.00";i:4;s:4:"0.00";i:5;s:4:"0.00";i:6;s:4:"0.00";i:7;s:3:"UGC";i:8;s:4:"0.00";i:9;s:4:"0.00";i:10;s:4:"0.00";i:11;s:4:"0.00";i:12;s:4:"0.00";i:13;s:4:"0.00";i:14;s:4:"0.00";i:15;s:4:"0.00";i:16;s:4:"0.00";i:17;s:4:"0.00";i:18;s:4:"0.00";i:19;s:4:"0.00";i:20;s:4:"0.00";i:21;s:4:"0.00";i:22;s:4:"0.00";i:23;s:4:"0.00";i:24;s:4:"0.00";i:25;s:4:"0.00";i:26;s:2:"10";i:27;s:2:"10";i:28;s:2:"20";i:29;s:4:"0.00";i:30;s:4:"0.00";i:31;s:3:"100";i:32;s:4:"0.00";i:33;s:4:"0.00";i:34;s:4:"0.00";i:35;s:0:"";i:36;s:0:"";i:37;s:0:"";i:38;s:0:"";i:39;s:0:"";i:40;s:0:"";i:41;s:0:"";i:42;s:0:"";i:43;s:0:"";i:44;s:0:"";i:45;s:0:"";i:46;s:0:"";}'),
(21, '83', '2013-03-12 00:00:00', 'a:47:{i:0;s:3:"UGC";i:1;s:4:"0.00";i:2;s:4:"0.00";i:3;s:4:"0.00";i:4;s:4:"0.00";i:5;s:4:"0.00";i:6;s:4:"0.00";i:7;s:3:"UGC";i:8;s:4:"0.00";i:9;s:4:"0.00";i:10;s:4:"0.00";i:11;s:4:"0.00";i:12;s:4:"0.00";i:13;s:4:"0.00";i:14;s:4:"0.00";i:15;s:4:"0.00";i:16;s:4:"0.00";i:17;s:4:"0.00";i:18;s:4:"0.00";i:19;s:4:"0.00";i:20;s:4:"0.00";i:21;s:4:"0.00";i:22;s:4:"0.00";i:23;s:4:"0.00";i:24;s:4:"0.00";i:25;s:4:"0.00";i:26;s:5:"10.00";i:27;s:5:"10.00";i:28;s:5:"20.00";i:29;s:5:"10.00";i:30;s:5:"22.00";i:31;s:6:"100.00";i:32;s:4:"0.00";i:33;s:4:"0.00";i:34;s:4:"0.00";i:35;s:0:"";i:36;s:0:"";i:37;s:0:"";i:38;s:0:"";i:39;s:0:"";i:40;s:0:"";i:41;s:0:"";i:42;s:0:"";i:43;s:0:"";i:44;s:0:"";i:45;s:0:"";i:46;s:0:"";}'),
(22, '83', '2013-03-12 00:00:00', 'a:47:{i:0;s:3:"UGC";i:1;s:4:"0.00";i:2;s:4:"0.00";i:3;s:4:"0.00";i:4;s:4:"0.00";i:5;s:4:"0.00";i:6;s:4:"0.00";i:7;s:3:"UGC";i:8;s:4:"0.00";i:9;s:4:"0.00";i:10;s:4:"0.00";i:11;s:4:"0.00";i:12;s:4:"0.00";i:13;s:4:"0.00";i:14;s:4:"0.00";i:15;s:4:"0.00";i:16;s:4:"0.00";i:17;s:4:"0.00";i:18;s:4:"0.00";i:19;s:4:"0.00";i:20;s:4:"0.00";i:21;s:4:"0.00";i:22;s:4:"0.00";i:23;s:4:"0.00";i:24;s:4:"0.00";i:25;s:4:"0.00";i:26;s:5:"10.00";i:27;s:5:"10.00";i:28;s:5:"20.00";i:29;s:5:"10.00";i:30;s:5:"22.00";i:31;s:6:"100.00";i:32;s:4:"0.00";i:33;s:4:"0.00";i:34;s:4:"0.00";i:35;s:0:"";i:36;s:0:"";i:37;s:0:"";i:38;s:0:"";i:39;s:0:"";i:40;s:0:"";i:41;s:0:"";i:42;s:0:"";i:43;s:0:"";i:44;s:0:"";i:45;s:0:"";i:46;s:0:"";}'),
(23, '83', '2013-03-12 00:00:00', 'a:47:{i:0;s:3:"UGC";i:1;s:4:"0.00";i:2;s:4:"0.00";i:3;s:4:"0.00";i:4;s:4:"0.00";i:5;s:4:"0.00";i:6;s:4:"0.00";i:7;s:3:"UGC";i:8;s:4:"0.00";i:9;s:4:"0.00";i:10;s:4:"0.00";i:11;s:4:"0.00";i:12;s:4:"0.00";i:13;s:4:"0.00";i:14;s:4:"0.00";i:15;s:4:"0.00";i:16;s:4:"0.00";i:17;s:4:"0.00";i:18;s:4:"0.00";i:19;s:4:"0.00";i:20;s:4:"0.00";i:21;s:4:"0.00";i:22;s:4:"0.00";i:23;s:4:"0.00";i:24;s:4:"0.00";i:25;s:4:"0.00";i:26;s:5:"10.00";i:27;s:5:"10.00";i:28;s:5:"20.00";i:29;s:5:"10.00";i:30;s:5:"22.00";i:31;s:6:"100.00";i:32;s:4:"0.00";i:33;s:4:"0.00";i:34;s:4:"0.00";i:35;s:0:"";i:36;s:0:"";i:37;s:0:"";i:38;s:0:"";i:39;s:0:"";i:40;s:0:"";i:41;s:0:"";i:42;s:0:"";i:43;s:0:"";i:44;s:0:"";i:45;s:0:"";i:46;s:0:"";}'),
(24, '83', '2013-03-12 00:00:00', 'a:47:{i:0;s:3:"UGC";i:1;s:4:"0.00";i:2;s:4:"0.00";i:3;s:4:"0.00";i:4;s:4:"0.00";i:5;s:4:"0.00";i:6;s:4:"0.00";i:7;s:3:"UGC";i:8;s:4:"0.00";i:9;s:4:"0.00";i:10;s:4:"0.00";i:11;s:4:"0.00";i:12;s:4:"0.00";i:13;s:4:"0.00";i:14;s:4:"0.00";i:15;s:4:"0.00";i:16;s:4:"0.00";i:17;s:4:"0.00";i:18;s:4:"0.00";i:19;s:4:"0.00";i:20;s:4:"0.00";i:21;s:4:"0.00";i:22;s:4:"0.00";i:23;s:4:"0.00";i:24;s:4:"0.00";i:25;s:4:"0.00";i:26;s:5:"10.00";i:27;s:5:"10.00";i:28;s:5:"20.00";i:29;s:5:"10.00";i:30;s:5:"22.00";i:31;s:6:"100.00";i:32;s:4:"0.00";i:33;s:4:"0.00";i:34;s:4:"0.00";i:35;s:0:"";i:36;s:0:"";i:37;s:0:"";i:38;s:0:"";i:39;s:0:"";i:40;s:0:"";i:41;s:0:"";i:42;s:0:"";i:43;s:0:"";i:44;s:0:"";i:45;s:0:"";i:46;s:0:"";}'),
(25, '83', '2013-03-12 00:00:00', 'a:47:{i:0;s:3:"UGC";i:1;s:4:"0.00";i:2;s:4:"0.00";i:3;s:4:"0.00";i:4;s:4:"0.00";i:5;s:4:"0.00";i:6;s:4:"0.00";i:7;s:3:"UGC";i:8;s:4:"0.00";i:9;s:4:"0.00";i:10;s:4:"0.00";i:11;s:4:"0.00";i:12;s:4:"0.00";i:13;s:4:"0.00";i:14;s:4:"0.00";i:15;s:4:"0.00";i:16;s:4:"0.00";i:17;s:4:"0.00";i:18;s:4:"0.00";i:19;s:4:"0.00";i:20;s:4:"0.00";i:21;s:4:"0.00";i:22;s:4:"0.00";i:23;s:4:"0.00";i:24;s:4:"0.00";i:25;s:4:"0.00";i:26;s:5:"10.00";i:27;s:5:"10.00";i:28;s:5:"20.00";i:29;s:5:"10.00";i:30;s:5:"22.00";i:31;s:6:"100.00";i:32;s:4:"0.00";i:33;s:4:"0.00";i:34;s:4:"0.00";i:35;s:0:"";i:36;s:0:"";i:37;s:0:"";i:38;s:0:"";i:39;s:0:"";i:40;s:0:"";i:41;s:0:"";i:42;s:0:"";i:43;s:0:"";i:44;s:0:"";i:45;s:0:"";i:46;s:0:"";}'),
(26, '83', '2013-03-12 00:00:00', 'a:47:{i:0;s:3:"UGC";i:1;s:4:"0.00";i:2;s:4:"0.00";i:3;s:4:"0.00";i:4;s:4:"0.00";i:5;s:4:"0.00";i:6;s:4:"0.00";i:7;s:3:"UGC";i:8;s:4:"0.00";i:9;s:4:"0.00";i:10;s:4:"0.00";i:11;s:4:"0.00";i:12;s:4:"0.00";i:13;s:4:"0.00";i:14;s:4:"0.00";i:15;s:4:"0.00";i:16;s:4:"0.00";i:17;s:4:"0.00";i:18;s:4:"0.00";i:19;s:4:"0.00";i:20;s:4:"0.00";i:21;s:4:"0.00";i:22;s:4:"0.00";i:23;s:4:"0.00";i:24;s:4:"0.00";i:25;s:4:"0.00";i:26;s:5:"10.00";i:27;s:5:"10.00";i:28;s:5:"20.00";i:29;s:5:"10.00";i:30;s:5:"22.00";i:31;s:6:"100.00";i:32;s:4:"0.00";i:33;s:4:"0.00";i:34;s:4:"0.00";i:35;s:0:"";i:36;s:0:"";i:37;s:0:"";i:38;s:0:"";i:39;s:0:"";i:40;s:0:"";i:41;s:0:"";i:42;s:0:"";i:43;s:0:"";i:44;s:0:"";i:45;s:0:"";i:46;s:0:"";}'),
(27, '83', '2013-03-12 00:00:00', 'a:47:{i:0;s:3:"UGC";i:1;s:4:"0.00";i:2;s:4:"0.00";i:3;s:4:"0.00";i:4;s:4:"0.00";i:5;s:4:"0.00";i:6;s:4:"0.00";i:7;s:3:"UGC";i:8;s:4:"0.00";i:9;s:4:"0.00";i:10;s:4:"0.00";i:11;s:4:"0.00";i:12;s:4:"0.00";i:13;s:4:"0.00";i:14;s:4:"0.00";i:15;s:4:"0.00";i:16;s:4:"0.00";i:17;s:4:"0.00";i:18;s:4:"0.00";i:19;s:4:"0.00";i:20;s:4:"0.00";i:21;s:4:"0.00";i:22;s:4:"0.00";i:23;s:4:"0.00";i:24;s:4:"0.00";i:25;s:4:"0.00";i:26;s:5:"10.00";i:27;s:5:"10.00";i:28;s:5:"20.00";i:29;s:5:"10.00";i:30;s:5:"22.00";i:31;s:6:"100.00";i:32;s:4:"0.00";i:33;s:4:"0.00";i:34;s:4:"0.00";i:35;s:0:"";i:36;s:0:"";i:37;s:0:"";i:38;s:0:"";i:39;s:0:"";i:40;s:0:"";i:41;s:0:"";i:42;s:0:"";i:43;s:0:"";i:44;s:0:"";i:45;s:0:"";i:46;s:0:"";}'),
(28, '83', '2013-03-12 00:00:00', 'a:47:{i:0;s:3:"UGC";i:1;s:4:"0.00";i:2;s:4:"0.00";i:3;s:4:"0.00";i:4;s:4:"0.00";i:5;s:4:"0.00";i:6;s:4:"0.00";i:7;s:3:"UGC";i:8;s:4:"0.00";i:9;s:4:"0.00";i:10;s:4:"0.00";i:11;s:4:"0.00";i:12;s:4:"0.00";i:13;s:4:"0.00";i:14;s:4:"0.00";i:15;s:4:"0.00";i:16;s:4:"0.00";i:17;s:4:"0.00";i:18;s:4:"0.00";i:19;s:4:"0.00";i:20;s:4:"0.00";i:21;s:4:"0.00";i:22;s:4:"0.00";i:23;s:4:"0.00";i:24;s:4:"0.00";i:25;s:4:"0.00";i:26;s:5:"10.00";i:27;s:5:"10.00";i:28;s:5:"20.00";i:29;s:5:"10.00";i:30;s:5:"22.00";i:31;s:6:"100.00";i:32;s:4:"0.00";i:33;s:4:"0.00";i:34;s:4:"0.00";i:35;s:0:"";i:36;s:0:"";i:37;s:0:"";i:38;s:0:"";i:39;s:0:"";i:40;s:0:"";i:41;s:0:"";i:42;s:0:"";i:43;s:0:"";i:44;s:0:"";i:45;s:0:"";i:46;s:0:"";}'),
(29, '83', '2013-03-12 00:00:00', 'a:47:{i:0;s:3:"UGC";i:1;s:4:"0.00";i:2;s:4:"0.00";i:3;s:4:"0.00";i:4;s:4:"0.00";i:5;s:4:"0.00";i:6;s:4:"0.00";i:7;s:3:"UGC";i:8;s:4:"0.00";i:9;s:4:"0.00";i:10;s:4:"0.00";i:11;s:4:"0.00";i:12;s:4:"0.00";i:13;s:4:"0.00";i:14;s:4:"0.00";i:15;s:4:"0.00";i:16;s:4:"0.00";i:17;s:4:"0.00";i:18;s:4:"0.00";i:19;s:4:"0.00";i:20;s:4:"0.00";i:21;s:4:"0.00";i:22;s:4:"0.00";i:23;s:4:"0.00";i:24;s:4:"0.00";i:25;s:4:"0.00";i:26;s:5:"30.00";i:27;s:5:"33.50";i:28;s:5:"20.00";i:29;s:5:"10.00";i:30;s:5:"22.00";i:31;s:6:"100.00";i:32;s:4:"0.00";i:33;s:4:"0.00";i:34;s:4:"0.00";i:35;s:0:"";i:36;s:0:"";i:37;s:0:"";i:38;s:0:"";i:39;s:0:"";i:40;s:0:"";i:41;s:0:"";i:42;s:0:"";i:43;s:0:"";i:44;s:0:"";i:45;s:0:"";i:46;s:0:"";}'),
(30, '83', '2013-03-12 00:00:00', 'a:47:{i:0;s:3:"UGC";i:1;s:4:"0.00";i:2;s:4:"0.00";i:3;s:4:"0.00";i:4;s:4:"0.00";i:5;s:4:"0.00";i:6;s:4:"0.00";i:7;s:3:"UGC";i:8;s:4:"0.00";i:9;s:4:"0.00";i:10;s:4:"0.00";i:11;s:4:"0.00";i:12;s:4:"0.00";i:13;s:4:"0.00";i:14;s:4:"0.00";i:15;s:4:"0.00";i:16;s:4:"0.00";i:17;s:4:"0.00";i:18;s:4:"0.00";i:19;s:4:"0.00";i:20;s:4:"0.00";i:21;s:4:"0.00";i:22;s:4:"0.00";i:23;s:4:"0.00";i:24;s:4:"0.00";i:25;s:4:"0.00";i:26;s:5:"30.00";i:27;s:5:"33.50";i:28;s:5:"20.00";i:29;s:5:"10.00";i:30;s:5:"22.00";i:31;s:6:"100.00";i:32;s:4:"0.00";i:33;s:4:"0.00";i:34;s:4:"0.00";i:35;s:0:"";i:36;s:0:"";i:37;s:0:"";i:38;s:0:"";i:39;s:0:"";i:40;s:0:"";i:41;s:0:"";i:42;s:0:"";i:43;s:0:"";i:44;s:0:"";i:45;s:0:"";i:46;s:0:"";}'),
(31, '83', '2013-03-12 00:00:00', 'a:47:{i:0;s:3:"UGC";i:1;s:4:"0.00";i:2;s:4:"0.00";i:3;s:4:"0.00";i:4;s:4:"0.00";i:5;s:4:"0.00";i:6;s:4:"0.00";i:7;s:3:"UGC";i:8;s:4:"0.00";i:9;s:4:"0.00";i:10;s:4:"0.00";i:11;s:4:"0.00";i:12;s:4:"0.00";i:13;s:4:"0.00";i:14;s:4:"0.00";i:15;s:4:"0.00";i:16;s:4:"0.00";i:17;s:4:"0.00";i:18;s:4:"0.00";i:19;s:4:"0.00";i:20;s:4:"0.00";i:21;s:4:"0.00";i:22;s:4:"0.00";i:23;s:4:"0.00";i:24;s:4:"0.00";i:25;s:4:"0.00";i:26;s:5:"30.00";i:27;s:5:"33.50";i:28;s:5:"20.00";i:29;s:5:"10.00";i:30;s:5:"22.00";i:31;s:6:"100.00";i:32;s:4:"0.00";i:33;s:4:"0.00";i:34;s:4:"0.00";i:35;s:0:"";i:36;s:0:"";i:37;s:0:"";i:38;s:0:"";i:39;s:0:"";i:40;s:0:"";i:41;s:0:"";i:42;s:0:"";i:43;s:0:"";i:44;s:0:"";i:45;s:0:"";i:46;s:0:"";}'),
(32, '83', '2013-03-12 00:00:00', 'a:47:{i:0;s:3:"UGC";i:1;s:4:"0.00";i:2;s:4:"0.00";i:3;s:4:"0.00";i:4;s:4:"0.00";i:5;s:4:"0.00";i:6;s:4:"0.00";i:7;s:3:"UGC";i:8;s:4:"0.00";i:9;s:4:"0.00";i:10;s:4:"0.00";i:11;s:4:"0.00";i:12;s:4:"0.00";i:13;s:4:"0.00";i:14;s:4:"0.00";i:15;s:4:"0.00";i:16;s:4:"0.00";i:17;s:4:"0.00";i:18;s:4:"0.00";i:19;s:4:"0.00";i:20;s:4:"0.00";i:21;s:4:"0.00";i:22;s:4:"0.00";i:23;s:4:"0.00";i:24;s:4:"0.00";i:25;s:4:"0.00";i:26;s:5:"30.00";i:27;s:5:"33.50";i:28;s:5:"20.00";i:29;s:5:"10.00";i:30;s:5:"22.00";i:31;s:6:"100.00";i:32;s:4:"0.00";i:33;s:4:"0.00";i:34;s:4:"0.00";i:35;s:0:"";i:36;s:0:"";i:37;s:0:"";i:38;s:0:"";i:39;s:0:"";i:40;s:0:"";i:41;s:0:"";i:42;s:0:"";i:43;s:0:"";i:44;s:0:"";i:45;s:0:"";i:46;s:0:"";}'),
(33, '83', '2013-03-12 00:00:00', 'a:47:{i:0;s:3:"UGC";i:1;s:4:"0.00";i:2;s:4:"0.00";i:3;s:4:"0.00";i:4;s:4:"0.00";i:5;s:4:"0.00";i:6;s:4:"0.00";i:7;s:3:"UGC";i:8;s:4:"0.00";i:9;s:4:"0.00";i:10;s:4:"0.00";i:11;s:4:"0.00";i:12;s:4:"0.00";i:13;s:4:"0.00";i:14;s:4:"0.00";i:15;s:4:"0.00";i:16;s:4:"0.00";i:17;s:4:"0.00";i:18;s:4:"0.00";i:19;s:4:"0.00";i:20;s:4:"0.00";i:21;s:4:"0.00";i:22;s:4:"0.00";i:23;s:4:"0.00";i:24;s:4:"0.00";i:25;s:4:"0.00";i:26;s:5:"30.00";i:27;s:5:"33.50";i:28;s:5:"20.00";i:29;s:5:"10.00";i:30;s:5:"22.00";i:31;s:6:"100.00";i:32;s:5:"66.00";i:33;s:4:"0.00";i:34;s:4:"0.00";i:35;s:0:"";i:36;s:0:"";i:37;s:0:"";i:38;s:0:"";i:39;s:0:"";i:40;s:0:"";i:41;s:0:"";i:42;s:0:"";i:43;s:0:"";i:44;s:0:"";i:45;s:0:"";i:46;s:0:"";}');

-- --------------------------------------------------------

--
-- Table structure for table `problem_faced`
--

CREATE TABLE `problem_faced` (
  `sl_no` int(10) NOT NULL,
  `surveyno` varchar(25) NOT NULL,
  `lastupdate` datetime NOT NULL,
  `administrative` text NOT NULL,
  `financial` text NOT NULL,
  `infras` text NOT NULL,
  `student_needs` text NOT NULL,
  `resources` text NOT NULL,
  `new_point` text NOT NULL
) ENGINE=InnoDB DEFAULT CHARSET=latin1;

--
-- Dumping data for table `problem_faced`
--

INSERT INTO `problem_faced` (`sl_no`, `surveyno`, `lastupdate`, `administrative`, `financial`, `infras`, `student_needs`, `resources`, `new_point`) VALUES
(1, '83', '2013-02-21 00:00:00', 'a:3:{i:0;s:26:"Decresing student strength";i:1;s:0:"";i:2;s:13:"Lack of staff";}', 'a:3:{i:0;s:0:"";i:1;s:0:"";i:2;s:0:"";}', 'a:5:{i:0;s:0:"";i:1;s:9:"computers";i:2;s:0:"";i:3;s:14:"drinking water";i:4;s:0:"";}', '', '', ''),
(2, '', '2013-02-21 00:00:00', 'a:3:{i:0;s:26:"Decresing student strength";i:1;s:0:"";i:2;s:0:"";}', 'a:3:{i:0;s:0:"";i:1;s:0:"";i:2;s:0:"";}', 'a:5:{i:0;s:0:"";i:1;s:9:"computers";i:2;s:7:"toilets";i:3;s:14:"drinking water";i:4;s:10:"playground";}', 'a:9:{i:0;s:0:"";i:1;s:0:"";i:2;s:0:"";i:3;s:7:"college";i:4;s:0:"";i:5;s:6:"hostel";i:6;s:0:"";i:7;s:0:"";i:8;s:0:"";}', 'a:3:{i:0;s:0:"";i:1;s:0:"";i:2;s:0:"";}', ''),
(3, '84', '0000-00-00 00:00:00', 'a:3:{i:0;s:26:"Decresing student strength";i:1;s:0:"";i:2;s:13:"Lack of staff";}', 'a:3:{i:0;s:18:"low fee collection";i:1;s:0:"";i:2;s:0:"";}', 'a:5:{i:0;s:0:"";i:1;s:9:"computers";i:2;s:0:"";i:3;s:14:"drinking water";i:4;s:10:"playground";}', 'a:9:{i:0;s:0:"";i:1;s:3:"puc";i:2;s:18:"computer education";i:3;s:0:"";i:4;s:19:"technical education";i:5;s:6:"hostel";i:6;s:0:"";i:7;s:3:"iti";i:8;s:3:"tti";}', 'a:3:{i:0;s:0:"";i:1;s:0:"";i:2;s:0:"";}', ''),
(4, '85', '0000-00-00 00:00:00', 'a:3:{i:0;s:26:"Decresing student strength";i:1;s:0:"";i:2;s:13:"Lack of staff";}', 'a:3:{i:0;s:0:"";i:1;s:0:"";i:2;s:0:"";}', 'a:5:{i:0;s:0:"";i:1;s:9:"computers";i:2;s:7:"toilets";i:3;s:14:"drinking water";i:4;s:0:"";}', 'a:9:{i:0;s:0:"";i:1;s:0:"";i:2;s:18:"computer education";i:3;s:0:"";i:4;s:19:"technical education";i:5;s:0:"";i:6;s:0:"";i:7;s:3:"iti";i:8;s:3:"tti";}', 'a:3:{i:0;s:0:"";i:1;s:0:"";i:2;s:0:"";}', ''),
(5, '86', '0000-00-00 00:00:00', 'a:3:{i:0;s:26:"Decresing student strength";i:1;s:0:"";i:2;s:13:"Lack of staff";}', 'a:3:{i:0;s:18:"low fee collection";i:1;s:0:"";i:2;s:0:"";}', 'a:5:{i:0;s:0:"";i:1;s:9:"computers";i:2;s:7:"toilets";i:3;s:14:"drinking water";i:4;s:0:"";}', 'a:9:{i:0;s:0:"";i:1;s:0:"";i:2;s:18:"computer education";i:3;s:0:"";i:4;s:0:"";i:5;s:6:"hostel";i:6;s:0:"";i:7;s:3:"iti";i:8;s:0:"";}', 'a:3:{i:0;s:0:"";i:1;s:0:"";i:2;s:0:"";}', ''),
(6, '87', '0000-00-00 00:00:00', 'a:3:{i:0;s:26:"Decresing student strength";i:1;s:0:"";i:2;s:13:"Lack of staff";}', 'a:3:{i:0;s:18:"low fee collection";i:1;s:0:"";i:2;s:0:"";}', 'a:5:{i:0;s:23:"requirement of building";i:1;s:9:"computers";i:2;s:7:"toilets";i:3;s:14:"drinking water";i:4;s:0:"";}', 'a:9:{i:0;s:0:"";i:1;s:0:"";i:2;s:18:"computer education";i:3;s:0:"";i:4;s:0:"";i:5;s:0:"";i:6;s:0:"";i:7;s:3:"iti";i:8;s:0:"";}', 'a:3:{i:0;s:0:"";i:1;s:0:"";i:2;s:0:"";}', ''),
(7, '88', '0000-00-00 00:00:00', 'a:3:{i:0;s:26:"Decresing student strength";i:1;s:0:"";i:2;s:13:"Lack of staff";}', 'a:3:{i:0;s:18:"low fee collection";i:1;s:0:"";i:2;s:0:"";}', 'a:5:{i:0;s:0:"";i:1;s:9:"computers";i:2;s:7:"toilets";i:3;s:14:"drinking water";i:4;s:0:"";}', 'a:9:{i:0;s:11:"high school";i:1;s:0:"";i:2;s:18:"computer education";i:3;s:7:"college";i:4;s:0:"";i:5;s:6:"hostel";i:6;s:0:"";i:7;s:0:"";i:8;s:0:"";}', 'a:3:{i:0;s:0:"";i:1;s:0:"";i:2;s:0:"";}', ''),
(8, '89', '0000-00-00 00:00:00', '', '', '', '', '', ''),
(9, '90', '0000-00-00 00:00:00', '', '', '', '', '', ''),
(10, '91', '0000-00-00 00:00:00', 'a:3:{i:0;s:26:"Decresing student strength";i:1;s:0:"";i:2;s:13:"Lack of staff";}', 'a:3:{i:0;s:18:"low fee collection";i:1;s:0:"";i:2;s:0:"";}', 'a:5:{i:0;s:0:"";i:1;s:9:"computers";i:2;s:7:"toilets";i:3;s:0:"";i:4;s:10:"playground";}', 'a:9:{i:0;s:0:"";i:1;s:0:"";i:2;s:0:"";i:3;s:7:"college";i:4;s:19:"technical education";i:5;s:6:"hostel";i:6;s:0:"";i:7;s:0:"";i:8;s:0:"";}', 'a:3:{i:0;s:0:"";i:1;s:8:"building";i:2;s:0:"";}', ''),
(11, '92', '0000-00-00 00:00:00', '', '', '', '', '', '');

-- --------------------------------------------------------

--
-- Table structure for table `results`
--

CREATE TABLE `results` (
  `sl_no` int(10) NOT NULL,
  `surveyno` varchar(25) NOT NULL,
  `lastupdate` datetime NOT NULL,
  `semwise_result` text NOT NULL,
  `annual_result` text NOT NULL
) ENGINE=InnoDB DEFAULT CHARSET=latin1;

--
-- Dumping data for table `results`
--

INSERT INTO `results` (`sl_no`, `surveyno`, `lastupdate`, `semwise_result`, `annual_result`) VALUES
(6, '85', '2013-02-22 00:00:00', '', 'a:6:{i:0;s:3:"100";i:1;s:2:"80";i:2;s:2:"10";i:3;s:2:"30";i:4;s:2:"20";i:5;s:2:"20";}'),
(7, '87', '2013-02-22 00:00:00', '', 'a:6:{i:0;s:3:"150";i:1;s:3:"100";i:2;s:2:"15";i:3;s:2:"30";i:4;s:2:"25";i:5;s:2:"30";}'),
(8, '88', '2013-02-22 00:00:00', '', 'a:6:{i:0;s:3:"150";i:1;s:3:"100";i:2;s:2:"20";i:3;s:2:"30";i:4;s:2:"20";i:5;s:2:"30";}'),
(9, '', '2013-02-22 00:00:00', '', 'a:6:{i:0;s:3:"200";i:1;s:3:"150";i:2;s:2:"30";i:3;s:2:"40";i:4;s:2:"50";i:5;s:2:"30";}'),
(10, '90', '0000-00-00 00:00:00', '', ''),
(11, '91', '0000-00-00 00:00:00', '', ''),
(12, '92', '0000-00-00 00:00:00', '', '');

-- --------------------------------------------------------

--
-- Table structure for table `staff`
--

CREATE TABLE `staff` (
  `sl_no` int(10) NOT NULL,
  `surveyno` varchar(25) NOT NULL,
  `lastupdate` datetime NOT NULL,
  `staff_strength` text NOT NULL,
  `staff_type` varchar(20) NOT NULL
) ENGINE=InnoDB DEFAULT CHARSET=latin1;

--
-- Dumping data for table `staff`
--

INSERT INTO `staff` (`sl_no`, `surveyno`, `lastupdate`, `staff_strength`, `staff_type`) VALUES
(1, '', '2013-03-02 00:00:00', 'a:8:{i:0;s:0:"";i:1;s:1:"0";i:2;s:1:"0";i:3;s:1:"0";i:4;s:1:"0";i:5;s:1:"0";i:6;s:1:"0";i:7;s:1:"0";}', 'Teaching'),
(2, '', '2013-03-02 00:00:00', 'a:8:{i:0;s:0:"";i:1;s:1:"0";i:2;s:1:"0";i:3;s:1:"0";i:4;s:1:"0";i:5;s:1:"0";i:6;s:1:"0";i:7;s:1:"0";}', 'Teaching'),
(3, '', '2013-03-02 00:00:00', 'a:8:{i:0;s:0:"";i:1;s:1:"0";i:2;s:1:"0";i:3;s:1:"0";i:4;s:1:"0";i:5;s:1:"0";i:6;s:1:"0";i:7;s:1:"0";}', 'Teaching'),
(4, '', '2013-03-02 00:00:00', 'a:8:{i:0;s:0:"";i:1;s:1:"0";i:2;s:1:"0";i:3;s:1:"0";i:4;s:1:"0";i:5;s:1:"0";i:6;s:1:"0";i:7;s:1:"0";}', 'Teaching'),
(5, '', '2013-03-02 00:00:00', 'a:8:{i:0;s:0:"";i:1;s:1:"0";i:2;s:1:"0";i:3;s:1:"0";i:4;s:1:"0";i:5;s:1:"0";i:6;s:1:"0";i:7;s:1:"0";}', 'Teaching'),
(6, '', '2013-03-02 00:00:00', 'a:8:{i:0;s:0:"";i:1;s:1:"0";i:2;s:1:"0";i:3;s:1:"0";i:4;s:1:"0";i:5;s:1:"0";i:6;s:1:"0";i:7;s:1:"0";}', 'Teaching'),
(7, '', '2013-03-02 00:00:00', 'a:8:{i:0;s:0:"";i:1;s:1:"0";i:2;s:1:"0";i:3;s:1:"0";i:4;s:1:"0";i:5;s:1:"0";i:6;s:1:"0";i:7;s:1:"0";}', 'Teaching'),
(8, '', '2013-03-02 00:00:00', 'a:8:{i:0;s:0:"";i:1;s:1:"0";i:2;s:1:"0";i:3;s:1:"0";i:4;s:1:"0";i:5;s:1:"0";i:6;s:1:"0";i:7;s:1:"0";}', 'Teaching'),
(9, '', '2013-03-02 00:00:00', 'a:8:{i:0;s:0:"";i:1;s:1:"0";i:2;s:1:"0";i:3;s:1:"0";i:4;s:1:"0";i:5;s:1:"0";i:6;s:1:"0";i:7;s:1:"0";}', 'Teaching'),
(10, '', '2013-03-02 00:00:00', 'a:8:{i:0;s:0:"";i:1;s:1:"0";i:2;s:1:"0";i:3;s:1:"0";i:4;s:1:"0";i:5;s:1:"0";i:6;s:1:"0";i:7;s:1:"0";}', 'Teaching'),
(11, '', '2013-03-02 00:00:00', 'a:8:{i:0;s:0:"";i:1;s:1:"0";i:2;s:1:"0";i:3;s:1:"0";i:4;s:1:"0";i:5;s:1:"0";i:6;s:1:"0";i:7;s:1:"0";}', 'Teaching'),
(12, '', '2013-03-02 00:00:00', 'a:8:{i:0;s:0:"";i:1;s:1:"0";i:2;s:1:"0";i:3;s:1:"0";i:4;s:1:"0";i:5;s:1:"0";i:6;s:1:"0";i:7;s:1:"0";}', 'Teaching'),
(13, '', '2013-03-02 00:00:00', 'a:8:{i:0;s:0:"";i:1;s:1:"0";i:2;s:1:"0";i:3;s:1:"0";i:4;s:1:"0";i:5;s:1:"0";i:6;s:1:"0";i:7;s:1:"0";}', 'Teaching'),
(14, '', '2013-03-02 00:00:00', 'a:8:{i:0;s:0:"";i:1;s:1:"0";i:2;s:1:"0";i:3;s:1:"0";i:4;s:1:"0";i:5;s:1:"0";i:6;s:1:"0";i:7;s:1:"0";}', 'Teaching'),
(15, '', '2013-03-02 00:00:00', 'a:8:{i:0;s:0:"";i:1;s:1:"0";i:2;s:1:"0";i:3;s:1:"0";i:4;s:1:"0";i:5;s:1:"0";i:6;s:1:"0";i:7;s:1:"0";}', 'Teaching'),
(16, '', '2013-03-02 00:00:00', 'a:8:{i:0;s:0:"";i:1;s:1:"0";i:2;s:1:"0";i:3;s:1:"0";i:4;s:1:"0";i:5;s:1:"0";i:6;s:1:"0";i:7;s:1:"0";}', 'Teaching'),
(17, '', '2013-03-02 00:00:00', 'a:8:{i:0;s:0:"";i:1;s:1:"0";i:2;s:1:"0";i:3;s:1:"0";i:4;s:1:"0";i:5;s:1:"0";i:6;s:1:"0";i:7;s:1:"0";}', 'Teaching'),
(18, '', '2013-03-02 00:00:00', 'a:8:{i:0;s:0:"";i:1;s:1:"0";i:2;s:1:"0";i:3;s:1:"0";i:4;s:1:"0";i:5;s:1:"0";i:6;s:1:"0";i:7;s:1:"0";}', 'Teaching'),
(19, '', '2013-03-02 00:00:00', 'a:8:{i:0;s:0:"";i:1;s:1:"0";i:2;s:1:"0";i:3;s:1:"0";i:4;s:1:"0";i:5;s:1:"0";i:6;s:1:"0";i:7;s:1:"0";}', 'Teaching'),
(20, '', '2013-03-02 00:00:00', 'a:8:{i:0;s:0:"";i:1;s:1:"0";i:2;s:1:"0";i:3;s:1:"0";i:4;s:1:"0";i:5;s:1:"0";i:6;s:1:"0";i:7;s:1:"0";}', 'Teaching'),
(21, '', '2013-03-02 00:00:00', 'a:8:{i:0;s:0:"";i:1;s:1:"0";i:2;s:1:"0";i:3;s:1:"0";i:4;s:1:"0";i:5;s:1:"0";i:6;s:1:"0";i:7;s:1:"0";}', 'Teaching'),
(22, '', '2013-03-02 00:00:00', 'a:8:{i:0;s:0:"";i:1;s:1:"0";i:2;s:1:"0";i:3;s:1:"0";i:4;s:1:"0";i:5;s:1:"0";i:6;s:1:"0";i:7;s:1:"0";}', 'Teaching'),
(23, '', '2013-03-02 00:00:00', 'a:8:{i:0;s:0:"";i:1;s:1:"0";i:2;s:1:"0";i:3;s:1:"0";i:4;s:1:"0";i:5;s:1:"0";i:6;s:1:"0";i:7;s:1:"0";}', 'Teaching'),
(24, '', '2013-03-02 00:00:00', 'a:8:{i:0;s:0:"";i:1;s:1:"0";i:2;s:1:"0";i:3;s:1:"0";i:4;s:1:"0";i:5;s:1:"0";i:6;s:1:"0";i:7;s:1:"0";}', 'Teaching'),
(25, '', '2013-03-02 00:00:00', 'a:8:{i:0;s:0:"";i:1;s:1:"0";i:2;s:1:"0";i:3;s:1:"0";i:4;s:1:"0";i:5;s:1:"0";i:6;s:1:"0";i:7;s:1:"0";}', 'Teaching'),
(26, '', '2013-03-02 00:00:00', 'a:8:{i:0;s:0:"";i:1;s:1:"0";i:2;s:1:"0";i:3;s:1:"0";i:4;s:1:"0";i:5;s:1:"0";i:6;s:1:"0";i:7;s:1:"0";}', 'Teaching'),
(27, '', '2013-03-02 00:00:00', 'a:8:{i:0;s:0:"";i:1;s:1:"0";i:2;s:1:"0";i:3;s:1:"0";i:4;s:1:"0";i:5;s:1:"0";i:6;s:1:"0";i:7;s:1:"0";}', 'Teaching'),
(28, '', '2013-03-02 00:00:00', 'a:8:{i:0;s:0:"";i:1;s:1:"0";i:2;s:1:"0";i:3;s:1:"0";i:4;s:1:"0";i:5;s:1:"0";i:6;s:1:"0";i:7;s:1:"0";}', 'Teaching'),
(32, '91', '2013-02-22 00:00:00', 'a:8:{i:0;s:1:"2";i:1;s:1:"1";i:2;s:1:"3";i:3;s:1:"2";i:4;s:1:"1";i:5;s:1:"2";i:6;s:1:"1";i:7;s:1:"1";}', 'Teaching'),
(33, '91', '2013-02-22 00:00:00', 'a:8:{i:0;s:1:"0";i:1;s:1:"1";i:2;s:1:"2";i:3;s:1:"3";i:4;s:1:"2";i:5;s:1:"0";i:6;s:1:"1";i:7;s:1:"1";}', 'Non Teaching'),
(34, '89', '2013-02-22 00:00:00', 'a:8:{i:0;s:1:"2";i:1;s:1:"4";i:2;s:1:"2";i:3;s:1:"3";i:4;s:1:"1";i:5;s:1:"3";i:6;s:1:"1";i:7;s:1:"1";}', 'Teaching'),
(35, '89', '2013-02-22 00:00:00', 'a:8:{i:0;s:1:"2";i:1;s:1:"4";i:2;s:1:"2";i:3;s:1:"4";i:4;s:1:"2";i:5;s:1:"1";i:6;s:1:"1";i:7;s:1:"1";}', 'Non Teaching'),
(36, '', '2013-03-02 00:00:00', 'a:8:{i:0;s:0:"";i:1;s:1:"0";i:2;s:1:"0";i:3;s:1:"0";i:4;s:1:"0";i:5;s:1:"0";i:6;s:1:"0";i:7;s:1:"0";}', 'Teaching'),
(37, '', '2013-03-02 00:00:00', 'a:8:{i:0;s:0:"";i:1;s:1:"0";i:2;s:1:"0";i:3;s:1:"0";i:4;s:1:"0";i:5;s:1:"0";i:6;s:1:"0";i:7;s:1:"0";}', 'Teaching'),
(38, '', '2013-03-02 00:00:00', 'a:8:{i:0;s:0:"";i:1;s:1:"0";i:2;s:1:"0";i:3;s:1:"0";i:4;s:1:"0";i:5;s:1:"0";i:6;s:1:"0";i:7;s:1:"0";}', 'Teaching'),
(39, '', '2013-03-02 00:00:00', 'a:8:{i:0;s:0:"";i:1;s:1:"0";i:2;s:1:"0";i:3;s:1:"0";i:4;s:1:"0";i:5;s:1:"0";i:6;s:1:"0";i:7;s:1:"0";}', 'Teaching'),
(40, '', '2013-03-02 00:00:00', 'a:8:{i:0;s:2:"55";i:1;s:1:"0";i:2;s:1:"0";i:3;s:1:"0";i:4;s:1:"0";i:5;s:1:"0";i:6;s:1:"0";i:7;s:1:"0";}', 'Teaching'),
(41, '', '2013-03-02 00:00:00', 'a:8:{i:0;s:2:"55";i:1;s:1:"0";i:2;s:2:"22";i:3;s:1:"0";i:4;s:1:"0";i:5;s:1:"0";i:6;s:1:"0";i:7;s:1:"0";}', 'Teaching'),
(42, '', '2013-03-02 00:00:00', 'a:8:{i:0;s:2:"55";i:1;s:1:"0";i:2;s:2:"22";i:3;s:1:"0";i:4;s:1:"5";i:5;s:1:"0";i:6;s:1:"0";i:7;s:1:"0";}', 'Teaching'),
(43, '', '2013-03-02 00:00:00', 'a:8:{i:0;s:1:"0";i:1;s:1:"0";i:2;s:1:"5";i:3;s:1:"0";i:4;s:1:"0";i:5;s:1:"0";i:6;s:1:"0";i:7;s:1:"0";}', 'Non Teaching'),
(44, '83', '2013-03-12 00:00:00', 'a:8:{i:0;s:2:"33";i:1;s:1:"0";i:2;s:2:"34";i:3;s:1:"0";i:4;s:1:"0";i:5;s:1:"0";i:6;s:1:"0";i:7;s:1:"0";}', 'Teaching'),
(45, '83', '2013-03-12 00:00:00', 'a:8:{i:0;s:2:"33";i:1;s:1:"0";i:2;s:2:"34";i:3;s:1:"0";i:4;s:1:"0";i:5;s:1:"0";i:6;s:1:"0";i:7;s:1:"0";}', 'Teaching'),
(46, '83', '2013-03-12 00:00:00', 'a:8:{i:0;s:2:"33";i:1;s:1:"0";i:2;s:2:"34";i:3;s:1:"0";i:4;s:1:"0";i:5;s:1:"0";i:6;s:1:"0";i:7;s:1:"0";}', 'Teaching'),
(47, '83', '2013-03-12 00:00:00', 'a:8:{i:0;s:2:"33";i:1;s:1:"0";i:2;s:2:"34";i:3;s:1:"0";i:4;s:1:"0";i:5;s:1:"0";i:6;s:1:"0";i:7;s:1:"0";}', 'Teaching'),
(48, '83', '2013-03-12 00:00:00', 'a:8:{i:0;s:2:"33";i:1;s:1:"0";i:2;s:2:"34";i:3;s:1:"0";i:4;s:1:"0";i:5;s:1:"0";i:6;s:1:"0";i:7;s:1:"0";}', 'Teaching'),
(49, '83', '2013-03-12 00:00:00', 'a:8:{i:0;s:2:"33";i:1;s:1:"0";i:2;s:2:"34";i:3;s:1:"0";i:4;s:1:"0";i:5;s:1:"0";i:6;s:1:"0";i:7;s:1:"0";}', 'Teaching'),
(50, '83', '2013-03-12 00:00:00', 'a:8:{i:0;s:2:"33";i:1;s:2:"22";i:2;s:2:"34";i:3;s:1:"0";i:4;s:1:"0";i:5;s:1:"0";i:6;s:1:"0";i:7;s:1:"0";}', 'Teaching'),
(51, '83', '2013-03-12 00:00:00', 'a:8:{i:0;s:2:"33";i:1;s:2:"22";i:2;s:2:"34";i:3;s:1:"0";i:4;s:1:"0";i:5;s:1:"0";i:6;s:1:"0";i:7;s:1:"0";}', 'Teaching'),
(52, '83', '2013-03-12 00:00:00', 'a:8:{i:0;s:2:"33";i:1;s:2:"22";i:2;s:2:"34";i:3;s:1:"0";i:4;s:2:"11";i:5;s:1:"0";i:6;s:1:"0";i:7;s:1:"0";}', 'Teaching'),
(53, '83', '2013-03-12 00:00:00', 'a:8:{i:0;s:2:"33";i:1;s:2:"22";i:2;s:2:"34";i:3;s:1:"0";i:4;s:2:"11";i:5;s:1:"0";i:6;s:1:"0";i:7;s:1:"0";}', 'Teaching'),
(54, '83', '2013-03-12 00:00:00', 'a:8:{i:0;s:2:"33";i:1;s:2:"22";i:2;s:2:"34";i:3;s:2:"44";i:4;s:2:"11";i:5;s:1:"0";i:6;s:1:"0";i:7;s:1:"0";}', 'Teaching'),
(55, '83', '2013-03-12 00:00:00', 'a:8:{i:0;s:2:"33";i:1;s:2:"22";i:2;s:2:"34";i:3;s:2:"44";i:4;s:2:"11";i:5;s:2:"23";i:6;s:1:"0";i:7;s:1:"0";}', 'Teaching');

-- --------------------------------------------------------

--
-- Table structure for table `student`
--

CREATE TABLE `student` (
  `student_id` int(100) NOT NULL,
  `fname` varchar(100) NOT NULL,
  `mname` varchar(100) NOT NULL,
  `lname` varchar(100) NOT NULL,
  `address` varchar(100) NOT NULL,
  `email` varchar(100) NOT NULL,
  `location` varchar(100) NOT NULL
) ENGINE=InnoDB DEFAULT CHARSET=latin1;

--
-- Dumping data for table `student`
--

INSERT INTO `student` (`student_id`, `fname`, `mname`, `lname`, `address`, `email`, `location`) VALUES
(1, 'Arian', 'Panch', 'Ambrona', 'Saudi', 'arian@gmail.com', ''),
(2, 'Rolyn', 'Centino', 'Demerin', 'Saudi', 'rolyn@gmail.com', 'corpor1.png'),
(3, 'Erdene', 'Sar', 'Saruul', 'jfieh734', 'jj@hotmail.com', 'programmer.jpg'),
(4, 'nyam', 'nmk', 'suren', 'hfh-2j47', 'nymuk.852@gmail.com', 'download.jpg');

-- --------------------------------------------------------

--
-- Table structure for table `students`
--

CREATE TABLE `students` (
  `sl_no` int(10) NOT NULL,
  `surveyno` varchar(25) NOT NULL,
  `lastupdate` datetime NOT NULL,
  `sclass` varchar(25) NOT NULL,
  `sections` varchar(20) NOT NULL,
  `com_strength` text NOT NULL
) ENGINE=InnoDB DEFAULT CHARSET=latin1;

--
-- Dumping data for table `students`
--

INSERT INTO `students` (`sl_no`, `surveyno`, `lastupdate`, `sclass`, `sections`, `com_strength`) VALUES
(18, '83', '2013-03-12 00:00:00', 'Class 2', 'B', 'a:16:{i:0;s:1:"1";i:1;s:1:"2";i:2;s:1:"3";i:3;s:1:"4";i:4;s:1:"5";i:5;s:1:"6";i:6;s:1:"7";i:7;s:1:"8";i:8;s:1:"9";i:9;s:2:"10";i:10;s:2:"11";i:11;s:1:"0";i:12;s:1:"0";i:13;s:1:"0";i:14;s:1:"0";i:15;s:1:"0";}'),
(19, '83', '2013-03-12 00:00:00', 'Class 2', 'B', 'a:16:{i:0;s:1:"1";i:1;s:1:"2";i:2;s:1:"3";i:3;s:1:"4";i:4;s:1:"5";i:5;s:1:"6";i:6;s:1:"7";i:7;s:1:"8";i:8;s:1:"9";i:9;s:2:"10";i:10;s:2:"11";i:11;s:1:"0";i:12;s:1:"0";i:13;s:1:"0";i:14;s:1:"0";i:15;s:1:"0";}'),
(20, '83', '2013-03-12 00:00:00', 'Class 2', 'B', 'a:16:{i:0;s:1:"1";i:1;s:1:"2";i:2;s:1:"3";i:3;s:1:"4";i:4;s:1:"5";i:5;s:1:"6";i:6;s:1:"7";i:7;s:1:"8";i:8;s:1:"9";i:9;s:2:"10";i:10;s:2:"11";i:11;s:1:"0";i:12;s:1:"0";i:13;s:1:"0";i:14;s:1:"0";i:15;s:1:"0";}'),
(21, '83', '2013-03-12 00:00:00', 'Class 2', 'B', 'a:16:{i:0;s:1:"1";i:1;s:1:"2";i:2;s:1:"3";i:3;s:1:"4";i:4;s:1:"5";i:5;s:1:"6";i:6;s:1:"7";i:7;s:1:"8";i:8;s:1:"9";i:9;s:2:"10";i:10;s:2:"11";i:11;s:1:"0";i:12;s:1:"0";i:13;s:1:"0";i:14;s:1:"0";i:15;s:1:"0";}'),
(22, '83', '2013-03-12 00:00:00', 'Class 2', 'B', 'a:16:{i:0;s:1:"1";i:1;s:1:"2";i:2;s:1:"3";i:3;s:1:"4";i:4;s:1:"5";i:5;s:1:"6";i:6;s:1:"7";i:7;s:1:"8";i:8;s:1:"9";i:9;s:2:"10";i:10;s:2:"11";i:11;s:1:"0";i:12;s:1:"0";i:13;s:1:"0";i:14;s:1:"0";i:15;s:1:"0";}'),
(23, '83', '2013-03-12 00:00:00', 'Class 2', 'B', 'a:16:{i:0;s:1:"1";i:1;s:1:"2";i:2;s:1:"3";i:3;s:1:"4";i:4;s:1:"5";i:5;s:1:"6";i:6;s:1:"7";i:7;s:1:"8";i:8;s:1:"9";i:9;s:2:"10";i:10;s:2:"11";i:11;s:1:"0";i:12;s:1:"0";i:13;s:1:"0";i:14;s:1:"0";i:15;s:1:"0";}'),
(24, '83', '2013-03-12 00:00:00', 'Class 2', 'B', 'a:16:{i:0;s:1:"1";i:1;s:1:"2";i:2;s:1:"3";i:3;s:1:"4";i:4;s:1:"5";i:5;s:1:"6";i:6;s:1:"7";i:7;s:1:"8";i:8;s:1:"9";i:9;s:2:"10";i:10;s:2:"11";i:11;s:1:"0";i:12;s:1:"0";i:13;s:1:"0";i:14;s:1:"0";i:15;s:1:"0";}'),
(25, '83', '2013-03-12 00:00:00', 'Class 2', 'B', 'a:16:{i:0;s:1:"1";i:1;s:1:"2";i:2;s:1:"3";i:3;s:1:"4";i:4;s:1:"5";i:5;s:1:"6";i:6;s:1:"7";i:7;s:1:"8";i:8;s:1:"9";i:9;s:2:"10";i:10;s:2:"11";i:11;s:1:"0";i:12;s:1:"0";i:13;s:1:"0";i:14;s:1:"0";i:15;s:1:"0";}'),
(26, '83', '2013-03-12 00:00:00', 'Class 2', 'B', 'a:16:{i:0;s:1:"1";i:1;s:1:"2";i:2;s:1:"3";i:3;s:1:"4";i:4;s:1:"5";i:5;s:1:"6";i:6;s:1:"7";i:7;s:1:"8";i:8;s:1:"9";i:9;s:2:"10";i:10;s:2:"11";i:11;s:1:"0";i:12;s:1:"0";i:13;s:1:"0";i:14;s:1:"0";i:15;s:1:"0";}'),
(27, '83', '2013-03-12 00:00:00', 'Class 2', 'B', 'a:16:{i:0;s:1:"1";i:1;s:1:"2";i:2;s:1:"3";i:3;s:1:"4";i:4;s:1:"5";i:5;s:1:"6";i:6;s:1:"7";i:7;s:1:"8";i:8;s:1:"9";i:9;s:2:"10";i:10;s:2:"11";i:11;s:1:"0";i:12;s:1:"0";i:13;s:1:"0";i:14;s:1:"0";i:15;s:1:"0";}'),
(28, '83', '2013-03-12 00:00:00', 'Class 2', 'B', 'a:16:{i:0;s:1:"1";i:1;s:1:"2";i:2;s:1:"3";i:3;s:1:"4";i:4;s:1:"5";i:5;s:1:"6";i:6;s:1:"7";i:7;s:1:"8";i:8;s:1:"9";i:9;s:2:"10";i:10;s:2:"11";i:11;s:1:"0";i:12;s:1:"0";i:13;s:1:"0";i:14;s:1:"0";i:15;s:1:"0";}'),
(29, '83', '2013-03-12 00:00:00', 'Class 2', 'B', 'a:16:{i:0;s:1:"1";i:1;s:1:"2";i:2;s:1:"3";i:3;s:1:"4";i:4;s:1:"5";i:5;s:1:"6";i:6;s:1:"7";i:7;s:1:"8";i:8;s:1:"9";i:9;s:2:"10";i:10;s:2:"11";i:11;s:1:"0";i:12;s:1:"0";i:13;s:1:"0";i:14;s:1:"0";i:15;s:1:"0";}'),
(30, '83', '2013-03-12 00:00:00', 'Class 2', 'B', 'a:16:{i:0;s:1:"1";i:1;s:1:"2";i:2;s:1:"3";i:3;s:1:"4";i:4;s:1:"5";i:5;s:1:"6";i:6;s:1:"7";i:7;s:1:"8";i:8;s:1:"9";i:9;s:2:"10";i:10;s:2:"11";i:11;s:1:"0";i:12;s:1:"0";i:13;s:1:"0";i:14;s:1:"0";i:15;s:1:"0";}'),
(31, '83', '2013-03-12 00:00:00', 'Class 2', 'B', 'a:16:{i:0;s:1:"1";i:1;s:1:"2";i:2;s:1:"3";i:3;s:1:"4";i:4;s:1:"5";i:5;s:1:"6";i:6;s:1:"7";i:7;s:1:"8";i:8;s:1:"9";i:9;s:2:"10";i:10;s:2:"11";i:11;s:1:"0";i:12;s:1:"0";i:13;s:1:"0";i:14;s:1:"0";i:15;s:1:"0";}'),
(32, '83', '2013-03-12 00:00:00', 'Class 2', 'B', 'a:16:{i:0;s:1:"1";i:1;s:1:"2";i:2;s:1:"3";i:3;s:1:"4";i:4;s:1:"5";i:5;s:1:"6";i:6;s:1:"7";i:7;s:1:"8";i:8;s:1:"9";i:9;s:2:"10";i:10;s:2:"11";i:11;s:1:"0";i:12;s:1:"0";i:13;s:1:"0";i:14;s:1:"0";i:15;s:1:"0";}'),
(47, '', '2013-02-21 00:00:00', 'Class 1', 'B', 'a:16:{i:0;s:2:"10";i:1;s:2:"15";i:2;s:2:"10";i:3;s:2:"12";i:4;s:2:"25";i:5;s:2:"20";i:6;s:1:"1";i:7;s:1:"1";i:8;s:1:"1";i:9;s:1:"1";i:10;s:1:"0";i:11;s:1:"1";i:12;s:1:"2";i:13;s:1:"5";i:14;s:1:"5";i:15;s:1:"4";}'),
(48, '', '2013-02-21 00:00:00', 'Class 1', 'B', 'a:16:{i:0;s:2:"10";i:1;s:2:"15";i:2;s:2:"10";i:3;s:2:"12";i:4;s:2:"25";i:5;s:2:"20";i:6;s:1:"1";i:7;s:1:"1";i:8;s:1:"1";i:9;s:1:"1";i:10;s:1:"0";i:11;s:1:"1";i:12;s:1:"2";i:13;s:1:"5";i:14;s:1:"5";i:15;s:1:"4";}'),
(49, '', '2013-02-21 00:00:00', 'Class 1', 'B', 'a:16:{i:0;s:2:"10";i:1;s:2:"15";i:2;s:2:"10";i:3;s:2:"12";i:4;s:2:"25";i:5;s:2:"20";i:6;s:1:"1";i:7;s:1:"1";i:8;s:1:"1";i:9;s:1:"1";i:10;s:1:"0";i:11;s:1:"1";i:12;s:1:"2";i:13;s:1:"5";i:14;s:1:"5";i:15;s:1:"4";}'),
(50, '', '2013-02-21 00:00:00', 'Class 1', 'B', 'a:16:{i:0;s:2:"10";i:1;s:2:"15";i:2;s:2:"10";i:3;s:2:"12";i:4;s:2:"25";i:5;s:2:"20";i:6;s:1:"1";i:7;s:1:"1";i:8;s:1:"1";i:9;s:1:"1";i:10;s:1:"0";i:11;s:1:"1";i:12;s:1:"2";i:13;s:1:"5";i:14;s:1:"5";i:15;s:1:"4";}'),
(51, '', '2013-02-21 00:00:00', 'Class 1', 'B', 'a:16:{i:0;s:2:"10";i:1;s:2:"15";i:2;s:2:"10";i:3;s:2:"12";i:4;s:2:"25";i:5;s:2:"20";i:6;s:1:"1";i:7;s:1:"1";i:8;s:1:"1";i:9;s:1:"1";i:10;s:1:"0";i:11;s:1:"1";i:12;s:1:"2";i:13;s:1:"5";i:14;s:1:"5";i:15;s:1:"4";}'),
(52, '', '2013-02-21 00:00:00', 'Class 1', 'B', 'a:16:{i:0;s:2:"10";i:1;s:2:"15";i:2;s:2:"10";i:3;s:2:"12";i:4;s:2:"25";i:5;s:2:"20";i:6;s:1:"1";i:7;s:1:"1";i:8;s:1:"1";i:9;s:1:"1";i:10;s:1:"0";i:11;s:1:"1";i:12;s:1:"2";i:13;s:1:"5";i:14;s:1:"5";i:15;s:1:"4";}'),
(53, '', '2013-02-21 00:00:00', 'Class 1', 'B', 'a:16:{i:0;s:2:"10";i:1;s:2:"15";i:2;s:2:"10";i:3;s:2:"12";i:4;s:2:"25";i:5;s:2:"20";i:6;s:1:"1";i:7;s:1:"1";i:8;s:1:"1";i:9;s:1:"1";i:10;s:1:"0";i:11;s:1:"1";i:12;s:1:"2";i:13;s:1:"5";i:14;s:1:"5";i:15;s:1:"4";}'),
(54, '', '2013-02-21 00:00:00', 'Class 1', 'B', 'a:16:{i:0;s:2:"10";i:1;s:2:"15";i:2;s:2:"10";i:3;s:2:"12";i:4;s:2:"25";i:5;s:2:"20";i:6;s:1:"1";i:7;s:1:"1";i:8;s:1:"1";i:9;s:1:"1";i:10;s:1:"0";i:11;s:1:"1";i:12;s:1:"2";i:13;s:1:"5";i:14;s:1:"5";i:15;s:1:"4";}'),
(55, '', '2013-02-21 00:00:00', 'Class 1', 'B', 'a:16:{i:0;s:2:"10";i:1;s:2:"15";i:2;s:2:"10";i:3;s:2:"12";i:4;s:2:"25";i:5;s:2:"20";i:6;s:1:"1";i:7;s:1:"1";i:8;s:1:"1";i:9;s:1:"1";i:10;s:1:"0";i:11;s:1:"1";i:12;s:1:"2";i:13;s:1:"5";i:14;s:1:"5";i:15;s:1:"4";}'),
(56, '', '2013-02-21 00:00:00', 'Class 1', 'B', 'a:16:{i:0;s:2:"10";i:1;s:2:"15";i:2;s:2:"10";i:3;s:2:"12";i:4;s:2:"25";i:5;s:2:"20";i:6;s:1:"1";i:7;s:1:"1";i:8;s:1:"1";i:9;s:1:"1";i:10;s:1:"0";i:11;s:1:"1";i:12;s:1:"2";i:13;s:1:"5";i:14;s:1:"5";i:15;s:1:"4";}'),
(57, '83', '2013-03-12 00:00:00', 'Class 2', 'B', 'a:16:{i:0;s:1:"1";i:1;s:1:"2";i:2;s:1:"3";i:3;s:1:"4";i:4;s:1:"5";i:5;s:1:"6";i:6;s:1:"7";i:7;s:1:"8";i:8;s:1:"9";i:9;s:2:"10";i:10;s:2:"11";i:11;s:1:"0";i:12;s:1:"0";i:13;s:1:"0";i:14;s:1:"0";i:15;s:1:"0";}'),
(58, '', '2013-02-21 00:00:00', 'Class 1', 'B', 'a:16:{i:0;s:2:"10";i:1;s:2:"15";i:2;s:2:"10";i:3;s:2:"12";i:4;s:2:"25";i:5;s:2:"20";i:6;s:1:"1";i:7;s:1:"1";i:8;s:1:"1";i:9;s:1:"1";i:10;s:1:"0";i:11;s:1:"1";i:12;s:1:"2";i:13;s:1:"5";i:14;s:1:"5";i:15;s:1:"4";}'),
(59, '', '2013-02-21 00:00:00', 'Class 1', 'B', 'a:16:{i:0;s:2:"10";i:1;s:2:"15";i:2;s:2:"10";i:3;s:2:"12";i:4;s:2:"25";i:5;s:2:"20";i:6;s:1:"1";i:7;s:1:"1";i:8;s:1:"1";i:9;s:1:"1";i:10;s:1:"0";i:11;s:1:"1";i:12;s:1:"2";i:13;s:1:"5";i:14;s:1:"5";i:15;s:1:"4";}'),
(62, '', '2013-02-21 00:00:00', 'Class 1', 'B', 'a:16:{i:0;s:2:"10";i:1;s:2:"15";i:2;s:2:"10";i:3;s:2:"12";i:4;s:2:"25";i:5;s:2:"20";i:6;s:1:"1";i:7;s:1:"1";i:8;s:1:"1";i:9;s:1:"1";i:10;s:1:"0";i:11;s:1:"1";i:12;s:1:"2";i:13;s:1:"5";i:14;s:1:"5";i:15;s:1:"4";}'),
(63, '', '2013-02-21 00:00:00', 'Class 1', 'B', 'a:16:{i:0;s:2:"10";i:1;s:2:"15";i:2;s:2:"10";i:3;s:2:"12";i:4;s:2:"25";i:5;s:2:"20";i:6;s:1:"1";i:7;s:1:"1";i:8;s:1:"1";i:9;s:1:"1";i:10;s:1:"0";i:11;s:1:"1";i:12;s:1:"2";i:13;s:1:"5";i:14;s:1:"5";i:15;s:1:"4";}'),
(64, '', '2013-02-21 00:00:00', 'Class 1', 'B', 'a:16:{i:0;s:2:"10";i:1;s:2:"15";i:2;s:2:"10";i:3;s:2:"12";i:4;s:2:"25";i:5;s:2:"20";i:6;s:1:"1";i:7;s:1:"1";i:8;s:1:"1";i:9;s:1:"1";i:10;s:1:"0";i:11;s:1:"1";i:12;s:1:"2";i:13;s:1:"5";i:14;s:1:"5";i:15;s:1:"4";}'),
(65, '', '2013-02-21 00:00:00', 'Class 1', 'B', 'a:16:{i:0;s:2:"10";i:1;s:2:"15";i:2;s:2:"10";i:3;s:2:"12";i:4;s:2:"25";i:5;s:2:"20";i:6;s:1:"1";i:7;s:1:"1";i:8;s:1:"1";i:9;s:1:"1";i:10;s:1:"0";i:11;s:1:"1";i:12;s:1:"2";i:13;s:1:"5";i:14;s:1:"5";i:15;s:1:"4";}'),
(66, '', '2013-02-21 00:00:00', 'Class 1', 'B', 'a:16:{i:0;s:2:"10";i:1;s:2:"15";i:2;s:2:"10";i:3;s:2:"12";i:4;s:2:"25";i:5;s:2:"20";i:6;s:1:"1";i:7;s:1:"1";i:8;s:1:"1";i:9;s:1:"1";i:10;s:1:"0";i:11;s:1:"1";i:12;s:1:"2";i:13;s:1:"5";i:14;s:1:"5";i:15;s:1:"4";}'),
(67, '', '2013-02-21 00:00:00', 'Class 1', 'B', 'a:16:{i:0;s:2:"10";i:1;s:2:"15";i:2;s:2:"10";i:3;s:2:"12";i:4;s:2:"25";i:5;s:2:"20";i:6;s:1:"1";i:7;s:1:"1";i:8;s:1:"1";i:9;s:1:"1";i:10;s:1:"0";i:11;s:1:"1";i:12;s:1:"2";i:13;s:1:"5";i:14;s:1:"5";i:15;s:1:"4";}'),
(68, '', '2013-02-21 00:00:00', 'Class 1', 'B', 'a:16:{i:0;s:2:"10";i:1;s:2:"15";i:2;s:2:"10";i:3;s:2:"12";i:4;s:2:"25";i:5;s:2:"20";i:6;s:1:"1";i:7;s:1:"1";i:8;s:1:"1";i:9;s:1:"1";i:10;s:1:"0";i:11;s:1:"1";i:12;s:1:"2";i:13;s:1:"5";i:14;s:1:"5";i:15;s:1:"4";}'),
(69, '', '2013-02-21 00:00:00', 'Class 1', 'B', 'a:16:{i:0;s:2:"10";i:1;s:2:"15";i:2;s:2:"10";i:3;s:2:"12";i:4;s:2:"25";i:5;s:2:"20";i:6;s:1:"1";i:7;s:1:"1";i:8;s:1:"1";i:9;s:1:"1";i:10;s:1:"0";i:11;s:1:"1";i:12;s:1:"2";i:13;s:1:"5";i:14;s:1:"5";i:15;s:1:"4";}'),
(70, '', '2013-02-21 00:00:00', 'Class 1', 'B', 'a:16:{i:0;s:2:"10";i:1;s:2:"15";i:2;s:2:"10";i:3;s:2:"12";i:4;s:2:"25";i:5;s:2:"20";i:6;s:1:"1";i:7;s:1:"1";i:8;s:1:"1";i:9;s:1:"1";i:10;s:1:"0";i:11;s:1:"1";i:12;s:1:"2";i:13;s:1:"5";i:14;s:1:"5";i:15;s:1:"4";}'),
(71, '', '2013-02-21 00:00:00', 'Class 1', 'B', 'a:16:{i:0;s:2:"10";i:1;s:2:"15";i:2;s:2:"10";i:3;s:2:"12";i:4;s:2:"25";i:5;s:2:"20";i:6;s:1:"1";i:7;s:1:"1";i:8;s:1:"1";i:9;s:1:"1";i:10;s:1:"0";i:11;s:1:"1";i:12;s:1:"2";i:13;s:1:"5";i:14;s:1:"5";i:15;s:1:"4";}'),
(72, '', '2013-02-21 00:00:00', 'Class 1', 'B', 'a:16:{i:0;s:2:"10";i:1;s:2:"15";i:2;s:2:"10";i:3;s:2:"12";i:4;s:2:"25";i:5;s:2:"20";i:6;s:1:"1";i:7;s:1:"1";i:8;s:1:"1";i:9;s:1:"1";i:10;s:1:"0";i:11;s:1:"1";i:12;s:1:"2";i:13;s:1:"5";i:14;s:1:"5";i:15;s:1:"4";}'),
(73, '', '2013-02-21 00:00:00', 'Class 1', 'B', 'a:16:{i:0;s:2:"10";i:1;s:2:"15";i:2;s:2:"10";i:3;s:2:"12";i:4;s:2:"25";i:5;s:2:"20";i:6;s:1:"1";i:7;s:1:"1";i:8;s:1:"1";i:9;s:1:"1";i:10;s:1:"0";i:11;s:1:"1";i:12;s:1:"2";i:13;s:1:"5";i:14;s:1:"5";i:15;s:1:"4";}'),
(74, '', '2013-02-21 00:00:00', 'Class 1', 'B', 'a:16:{i:0;s:2:"10";i:1;s:2:"15";i:2;s:2:"10";i:3;s:2:"12";i:4;s:2:"25";i:5;s:2:"20";i:6;s:1:"1";i:7;s:1:"1";i:8;s:1:"1";i:9;s:1:"1";i:10;s:1:"0";i:11;s:1:"1";i:12;s:1:"2";i:13;s:1:"5";i:14;s:1:"5";i:15;s:1:"4";}'),
(75, '', '2013-02-21 00:00:00', 'Class 1', 'B', 'a:16:{i:0;s:2:"10";i:1;s:2:"15";i:2;s:2:"10";i:3;s:2:"12";i:4;s:2:"25";i:5;s:2:"20";i:6;s:1:"1";i:7;s:1:"1";i:8;s:1:"1";i:9;s:1:"1";i:10;s:1:"0";i:11;s:1:"1";i:12;s:1:"2";i:13;s:1:"5";i:14;s:1:"5";i:15;s:1:"4";}'),
(76, '', '2013-02-21 00:00:00', 'Class 1', 'B', 'a:16:{i:0;s:2:"10";i:1;s:2:"15";i:2;s:2:"10";i:3;s:2:"12";i:4;s:2:"25";i:5;s:2:"20";i:6;s:1:"1";i:7;s:1:"1";i:8;s:1:"1";i:9;s:1:"1";i:10;s:1:"0";i:11;s:1:"1";i:12;s:1:"2";i:13;s:1:"5";i:14;s:1:"5";i:15;s:1:"4";}'),
(77, '', '2013-02-21 00:00:00', 'Class 1', 'B', 'a:16:{i:0;s:2:"10";i:1;s:2:"15";i:2;s:2:"10";i:3;s:2:"12";i:4;s:2:"25";i:5;s:2:"20";i:6;s:1:"1";i:7;s:1:"1";i:8;s:1:"1";i:9;s:1:"1";i:10;s:1:"0";i:11;s:1:"1";i:12;s:1:"2";i:13;s:1:"5";i:14;s:1:"5";i:15;s:1:"4";}'),
(78, '', '2013-02-21 00:00:00', 'Class 1', 'B', 'a:16:{i:0;s:2:"10";i:1;s:2:"15";i:2;s:2:"10";i:3;s:2:"12";i:4;s:2:"25";i:5;s:2:"20";i:6;s:1:"1";i:7;s:1:"1";i:8;s:1:"1";i:9;s:1:"1";i:10;s:1:"0";i:11;s:1:"1";i:12;s:1:"2";i:13;s:1:"5";i:14;s:1:"5";i:15;s:1:"4";}'),
(79, '', '2013-02-21 00:00:00', 'Class 1', 'B', 'a:16:{i:0;s:2:"10";i:1;s:2:"15";i:2;s:2:"10";i:3;s:2:"12";i:4;s:2:"25";i:5;s:2:"20";i:6;s:1:"1";i:7;s:1:"1";i:8;s:1:"1";i:9;s:1:"1";i:10;s:1:"0";i:11;s:1:"1";i:12;s:1:"2";i:13;s:1:"5";i:14;s:1:"5";i:15;s:1:"4";}'),
(80, '', '2013-02-21 00:00:00', 'Class 1', 'B', 'a:16:{i:0;s:2:"10";i:1;s:2:"15";i:2;s:2:"10";i:3;s:2:"12";i:4;s:2:"25";i:5;s:2:"20";i:6;s:1:"1";i:7;s:1:"1";i:8;s:1:"1";i:9;s:1:"1";i:10;s:1:"0";i:11;s:1:"1";i:12;s:1:"2";i:13;s:1:"5";i:14;s:1:"5";i:15;s:1:"4";}'),
(81, '', '2013-02-21 00:00:00', 'Class 1', 'B', 'a:16:{i:0;s:2:"10";i:1;s:2:"15";i:2;s:2:"10";i:3;s:2:"12";i:4;s:2:"25";i:5;s:2:"20";i:6;s:1:"1";i:7;s:1:"1";i:8;s:1:"1";i:9;s:1:"1";i:10;s:1:"0";i:11;s:1:"1";i:12;s:1:"2";i:13;s:1:"5";i:14;s:1:"5";i:15;s:1:"4";}'),
(82, '', '2013-02-21 00:00:00', 'Class 1', 'B', 'a:16:{i:0;s:2:"10";i:1;s:2:"15";i:2;s:2:"10";i:3;s:2:"12";i:4;s:2:"25";i:5;s:2:"20";i:6;s:1:"1";i:7;s:1:"1";i:8;s:1:"1";i:9;s:1:"1";i:10;s:1:"0";i:11;s:1:"1";i:12;s:1:"2";i:13;s:1:"5";i:14;s:1:"5";i:15;s:1:"4";}'),
(83, '', '2013-02-21 00:00:00', 'Class 1', 'B', 'a:16:{i:0;s:2:"10";i:1;s:2:"15";i:2;s:2:"10";i:3;s:2:"12";i:4;s:2:"25";i:5;s:2:"20";i:6;s:1:"1";i:7;s:1:"1";i:8;s:1:"1";i:9;s:1:"1";i:10;s:1:"0";i:11;s:1:"1";i:12;s:1:"2";i:13;s:1:"5";i:14;s:1:"5";i:15;s:1:"4";}'),
(84, '', '2013-02-21 00:00:00', 'Class 1', 'A', 'a:16:{i:0;s:2:"10";i:1;s:2:"12";i:2;s:2:"12";i:3;s:2:"12";i:4;s:1:"5";i:5;s:1:"3";i:6;s:1:"1";i:7;s:1:"1";i:8;s:1:"1";i:9;s:1:"2";i:10;s:1:"1";i:11;s:1:"1";i:12;s:2:"12";i:13;s:1:"2";i:14;s:1:"5";i:15;s:1:"3";}'),
(85, '', '2013-02-21 00:00:00', 'Class 2', 'A', 'a:16:{i:0;s:2:"10";i:1;s:2:"12";i:2;s:2:"15";i:3;s:2:"16";i:4;s:2:"13";i:5;s:2:"12";i:6;s:1:"1";i:7;s:1:"0";i:8;s:1:"1";i:9;s:1:"0";i:10;s:1:"1";i:11;s:1:"1";i:12;s:2:"12";i:13;s:2:"15";i:14;s:1:"5";i:15;s:1:"6";}'),
(86, '', '2013-02-21 00:00:00', 'Class 2', 'B', 'a:16:{i:0;s:2:"12";i:1;s:2:"13";i:2;s:2:"15";i:3;s:2:"14";i:4;s:2:"12";i:5;s:2:"13";i:6;s:1:"1";i:7;s:1:"0";i:8;s:1:"1";i:9;s:1:"2";i:10;s:1:"1";i:11;s:1:"2";i:12;s:2:"15";i:13;s:2:"16";i:14;s:2:"12";i:15;s:2:"13";}'),
(87, '', '2013-02-21 00:00:00', 'Class 2', 'C', 'a:16:{i:0;s:2:"12";i:1;s:2:"13";i:2;s:2:"15";i:3;s:2:"14";i:4;s:2:"16";i:5;s:2:"12";i:6;s:1:"1";i:7;s:1:"1";i:8;s:1:"1";i:9;s:1:"0";i:10;s:1:"1";i:11;s:1:"0";i:12;s:1:"1";i:13;s:1:"2";i:14;s:1:"1";i:15;s:1:"1";}'),
(88, '', '2013-02-21 00:00:00', 'Class 3', 'A', 'a:16:{i:0;s:2:"12";i:1;s:2:"12";i:2;s:1:"1";i:3;s:2:"25";i:4;s:2:"12";i:5;s:2:"12";i:6;s:1:"1";i:7;s:1:"2";i:8;s:1:"1";i:9;s:1:"0";i:10;s:1:"1";i:11;s:1:"2";i:12;s:2:"12";i:13;s:2:"12";i:14;s:2:"12";i:15;s:2:"15";}'),
(89, '', '2013-02-21 00:00:00', 'Class 4', 'A', 'a:16:{i:0;s:2:"12";i:1;s:2:"12";i:2;s:2:"15";i:3;s:2:"14";i:4;s:2:"13";i:5;s:2:"15";i:6;s:1:"1";i:7;s:1:"1";i:8;s:1:"1";i:9;s:1:"0";i:10;s:1:"1";i:11;s:1:"0";i:12;s:2:"12";i:13;s:2:"12";i:14;s:1:"1";i:15;s:1:"5";}'),
(90, '', '2013-02-21 00:00:00', 'Class 4', 'B', 'a:16:{i:0;s:2:"12";i:1;s:2:"12";i:2;s:2:"15";i:3;s:2:"14";i:4;s:2:"16";i:5;s:2:"12";i:6;s:1:"1";i:7;s:1:"2";i:8;s:1:"1";i:9;s:1:"0";i:10;s:1:"1";i:11;s:1:"1";i:12;s:2:"12";i:13;s:2:"15";i:14;s:2:"14";i:15;s:2:"12";}'),
(91, '', '2013-02-21 00:00:00', 'Class 5', 'A', 'a:16:{i:0;s:2:"12";i:1;s:2:"14";i:2;s:2:"15";i:3;s:1:"1";i:4;s:2:"25";i:5;s:2:"12";i:6;s:1:"1";i:7;s:1:"2";i:8;s:1:"2";i:9;s:1:"1";i:10;s:1:"1";i:11;s:1:"2";i:12;s:2:"12";i:13;s:2:"15";i:14;s:2:"12";i:15;s:2:"12";}'),
(92, '', '2013-02-21 00:00:00', 'Class 6', 'A', 'a:16:{i:0;s:2:"12";i:1;s:2:"12";i:2;s:2:"15";i:3;s:2:"12";i:4;s:2:"14";i:5;s:2:"12";i:6;s:1:"1";i:7;s:1:"2";i:8;s:1:"0";i:9;s:1:"1";i:10;s:1:"1";i:11;s:1:"2";i:12;s:2:"14";i:13;s:2:"15";i:14;s:2:"14";i:15;s:2:"15";}'),
(93, '', '2013-02-21 00:00:00', 'Class 6', 'B', 'a:16:{i:0;s:2:"12";i:1;s:2:"14";i:2;s:2:"14";i:3;s:2:"12";i:4;s:2:"14";i:5;s:2:"14";i:6;s:1:"1";i:7;s:1:"3";i:8;s:1:"1";i:9;s:1:"1";i:10;s:1:"1";i:11;s:1:"2";i:12;s:2:"14";i:13;s:2:"15";i:14;s:2:"12";i:15;s:2:"15";}'),
(94, '', '2013-02-21 00:00:00', 'Class 7', 'A', 'a:16:{i:0;s:2:"12";i:1;s:2:"14";i:2;s:2:"14";i:3;s:2:"12";i:4;s:2:"14";i:5;s:2:"12";i:6;s:1:"1";i:7;s:1:"2";i:8;s:1:"1";i:9;s:1:"2";i:10;s:1:"1";i:11;s:1:"2";i:12;s:2:"15";i:13;s:1:"6";i:14;s:1:"8";i:15;s:1:"5";}'),
(95, '85', '2013-02-22 00:00:00', 'Class 1', 'A', 'a:16:{i:0;s:2:"20";i:1;s:2:"25";i:2;s:2:"12";i:3;s:2:"16";i:4;s:2:"12";i:5;s:2:"12";i:6;s:1:"1";i:7;s:1:"1";i:8;s:1:"0";i:9;s:1:"1";i:10;s:1:"1";i:11;s:1:"1";i:12;s:2:"12";i:13;s:2:"13";i:14;s:1:"5";i:15;s:1:"6";}'),
(96, '85', '2013-02-22 00:00:00', 'Class 1', 'B', 'a:16:{i:0;s:2:"20";i:1;s:2:"23";i:2;s:2:"12";i:3;s:2:"15";i:4;s:2:"14";i:5;s:2:"16";i:6;s:1:"1";i:7;s:1:"2";i:8;s:1:"1";i:9;s:1:"0";i:10;s:1:"1";i:11;s:1:"3";i:12;s:2:"12";i:13;s:2:"15";i:14;s:2:"14";i:15;s:2:"13";}'),
(97, '85', '2013-02-22 00:00:00', 'Class 2', 'A', 'a:16:{i:0;s:2:"20";i:1;s:2:"22";i:2;s:2:"25";i:3;s:2:"20";i:4;s:2:"12";i:5;s:2:"14";i:6;s:1:"1";i:7;s:1:"0";i:8;s:1:"2";i:9;s:1:"1";i:10;s:1:"1";i:11;s:1:"3";i:12;s:2:"25";i:13;s:2:"23";i:14;s:2:"12";i:15;s:2:"13";}'),
(98, '85', '2013-02-22 00:00:00', 'Class 3', 'A', 'a:16:{i:0;s:2:"12";i:1;s:2:"13";i:2;s:2:"10";i:3;s:2:"12";i:4;s:2:"10";i:5;s:2:"12";i:6;s:1:"1";i:7;s:1:"2";i:8;s:1:"2";i:9;s:1:"1";i:10;s:2:"12";i:11;s:2:"13";i:12;s:2:"14";i:13;s:2:"15";i:14;s:2:"12";i:15;s:2:"15";}'),
(99, '85', '2013-02-22 00:00:00', 'Class 3', 'B', 'a:16:{i:0;s:2:"21";i:1;s:2:"12";i:2;s:2:"14";i:3;s:2:"15";i:4;s:2:"12";i:5;s:2:"12";i:6;s:1:"1";i:7;s:1:"2";i:8;s:1:"1";i:9;s:1:"0";i:10;s:1:"2";i:11;s:1:"3";i:12;s:2:"12";i:13;s:2:"15";i:14;s:2:"14";i:15;s:2:"15";}'),
(100, '85', '2013-02-22 00:00:00', 'Class 3', 'C', 'a:16:{i:0;s:2:"22";i:1;s:2:"23";i:2;s:2:"22";i:3;s:2:"25";i:4;s:2:"24";i:5;s:2:"23";i:6;s:1:"1";i:7;s:1:"2";i:8;s:1:"1";i:9;s:1:"2";i:10;s:1:"1";i:11;s:1:"3";i:12;s:1:"4";i:13;s:1:"5";i:14;s:1:"0";i:15;s:1:"2";}'),
(101, '85', '2013-02-22 00:00:00', 'Class 4', 'A', 'a:16:{i:0;s:2:"10";i:1;s:2:"12";i:2;s:2:"14";i:3;s:2:"12";i:4;s:2:"14";i:5;s:2:"12";i:6;s:1:"1";i:7;s:1:"2";i:8;s:1:"1";i:9;s:1:"2";i:10;s:1:"1";i:11;s:1:"2";i:12;s:1:"2";i:13;s:1:"5";i:14;s:1:"1";i:15;s:1:"4";}'),
(102, '85', '2013-02-22 00:00:00', 'Class 5', 'A', 'a:16:{i:0;s:2:"25";i:1;s:2:"20";i:2;s:2:"18";i:3;s:2:"22";i:4;s:2:"20";i:5;s:2:"25";i:6;s:1:"2";i:7;s:1:"3";i:8;s:1:"2";i:9;s:1:"4";i:10;s:1:"2";i:11;s:1:"5";i:12;s:2:"23";i:13;s:2:"25";i:14;s:1:"2";i:15;s:1:"5";}'),
(103, '85', '2013-02-22 00:00:00', 'Class 6', 'A', 'a:16:{i:0;s:2:"25";i:1;s:2:"20";i:2;s:2:"24";i:3;s:2:"25";i:4;s:2:"12";i:5;s:2:"24";i:6;s:1:"2";i:7;s:1:"2";i:8;s:1:"1";i:9;s:1:"1";i:10;s:1:"2";i:11;s:1:"4";i:12;s:1:"2";i:13;s:1:"3";i:14;s:1:"2";i:15;s:1:"3";}'),
(104, '85', '2013-02-22 00:00:00', 'Class 7', 'A', 'a:16:{i:0;s:2:"12";i:1;s:2:"24";i:2;s:2:"15";i:3;s:2:"12";i:4;s:2:"14";i:5;s:2:"15";i:6;s:1:"1";i:7;s:1:"2";i:8;s:1:"3";i:9;s:1:"4";i:10;s:1:"2";i:11;s:1:"5";i:12;s:2:"12";i:13;s:2:"15";i:14;s:2:"25";i:15;s:2:"12";}'),
(105, '85', '2013-02-22 00:00:00', 'Class 7', 'B', 'a:16:{i:0;s:2:"12";i:1;s:2:"15";i:2;s:2:"14";i:3;s:2:"15";i:4;s:2:"12";i:5;s:2:"15";i:6;s:1:"2";i:7;s:1:"4";i:8;s:1:"2";i:9;s:1:"3";i:10;s:1:"2";i:11;s:1:"4";i:12;s:2:"12";i:13;s:2:"13";i:14;s:2:"15";i:15;s:2:"14";}'),
(106, '85', '2013-02-22 00:00:00', 'Class 8', 'A', 'a:16:{i:0;s:2:"20";i:1;s:2:"10";i:2;s:2:"12";i:3;s:2:"10";i:4;s:2:"12";i:5;s:2:"20";i:6;s:1:"2";i:7;s:1:"1";i:8;s:1:"1";i:9;s:1:"2";i:10;s:1:"2";i:11;s:1:"4";i:12;s:2:"12";i:13;s:2:"15";i:14;s:2:"14";i:15;s:2:"14";}'),
(107, '85', '2013-02-22 00:00:00', 'Class 8', 'B', 'a:16:{i:0;s:2:"20";i:1;s:2:"25";i:2;s:2:"14";i:3;s:2:"15";i:4;s:2:"26";i:5;s:2:"25";i:6;s:1:"2";i:7;s:1:"4";i:8;s:1:"2";i:9;s:1:"5";i:10;s:1:"2";i:11;s:1:"4";i:12;s:1:"5";i:13;s:1:"6";i:14;s:1:"3";i:15;s:1:"5";}'),
(108, '85', '2013-02-22 00:00:00', 'Class 9', 'A', 'a:16:{i:0;s:2:"20";i:1;s:2:"24";i:2;s:2:"16";i:3;s:2:"18";i:4;s:2:"15";i:5;s:2:"14";i:6;s:1:"2";i:7;s:1:"4";i:8;s:1:"1";i:9;s:1:"3";i:10;s:1:"2";i:11;s:1:"4";i:12;s:1:"2";i:13;s:1:"5";i:14;s:1:"5";i:15;s:1:"3";}'),
(109, '85', '2013-02-22 00:00:00', 'Class 10', 'A', 'a:16:{i:0;s:2:"25";i:1;s:2:"20";i:2;s:2:"24";i:3;s:2:"25";i:4;s:2:"12";i:5;s:2:"12";i:6;s:1:"2";i:7;s:1:"4";i:8;s:1:"2";i:9;s:1:"3";i:10;s:1:"2";i:11;s:1:"4";i:12;s:1:"3";i:13;s:1:"5";i:14;s:1:"6";i:15;s:1:"4";}'),
(110, '85', '2013-02-22 00:00:00', 'Class 10', 'B', 'a:16:{i:0;s:2:"20";i:1;s:2:"25";i:2;s:2:"14";i:3;s:2:"12";i:4;s:2:"25";i:5;s:2:"20";i:6;s:1:"2";i:7;s:1:"4";i:8;s:1:"2";i:9;s:1:"5";i:10;s:1:"3";i:11;s:1:"6";i:12;s:2:"15";i:13;s:2:"16";i:14;s:2:"18";i:15;s:2:"16";}'),
(111, '85', '2013-02-22 00:00:00', 'Class 10', 'C', 'a:16:{i:0;s:2:"25";i:1;s:2:"20";i:2;s:2:"14";i:3;s:2:"12";i:4;s:2:"15";i:5;s:2:"16";i:6;s:1:"2";i:7;s:1:"0";i:8;s:1:"1";i:9;s:1:"4";i:10;s:1:"2";i:11;s:1:"5";i:12;s:1:"2";i:13;s:1:"6";i:14;s:2:"24";i:15;s:2:"25";}'),
(112, '84', '2013-02-22 00:00:00', 'Class 1', 'A', 'a:16:{i:0;s:2:"20";i:1;s:2:"25";i:2;s:2:"20";i:3;s:2:"25";i:4;s:2:"24";i:5;s:2:"25";i:6;s:1:"2";i:7;s:1:"4";i:8;s:1:"1";i:9;s:1:"2";i:10;s:1:"2";i:11;s:1:"5";i:12;s:2:"12";i:13;s:2:"16";i:14;s:2:"14";i:15;s:2:"12";}'),
(113, '84', '2013-02-22 00:00:00', 'Class 1', 'B', 'a:16:{i:0;s:2:"20";i:1;s:2:"25";i:2;s:2:"20";i:3;s:2:"23";i:4;s:2:"25";i:5;s:2:"12";i:6;s:1:"2";i:7;s:1:"5";i:8;s:1:"2";i:9;s:1:"4";i:10;s:1:"2";i:11;s:1:"6";i:12;s:1:"3";i:13;s:1:"4";i:14;s:1:"2";i:15;s:1:"6";}'),
(114, '84', '2013-02-22 00:00:00', 'Class 2', 'A', 'a:16:{i:0;s:2:"25";i:1;s:2:"24";i:2;s:2:"20";i:3;s:2:"25";i:4;s:2:"12";i:5;s:2:"12";i:6;s:1:"3";i:7;s:1:"1";i:8;s:1:"3";i:9;s:1:"4";i:10;s:1:"2";i:11;s:1:"5";i:12;s:1:"3";i:13;s:1:"4";i:14;s:1:"2";i:15;s:1:"3";}'),
(115, '84', '2013-02-22 00:00:00', 'Class 3', 'A', 'a:16:{i:0;s:2:"20";i:1;s:2:"23";i:2;s:2:"25";i:3;s:2:"20";i:4;s:2:"25";i:5;s:2:"20";i:6;s:1:"2";i:7;s:1:"2";i:8;s:1:"1";i:9;s:1:"2";i:10;s:2:"21";i:11;s:2:"20";i:12;s:2:"14";i:13;s:2:"12";i:14;s:1:"2";i:15;s:1:"5";}'),
(116, '84', '2013-02-22 00:00:00', 'Class 4', 'A', 'a:16:{i:0;s:2:"20";i:1;s:2:"23";i:2;s:2:"25";i:3;s:2:"20";i:4;s:2:"12";i:5;s:2:"20";i:6;s:1:"3";i:7;s:1:"2";i:8;s:1:"1";i:9;s:1:"0";i:10;s:1:"2";i:11;s:1:"5";i:12;s:1:"3";i:13;s:1:"5";i:14;s:2:"12";i:15;s:2:"12";}'),
(117, '84', '2013-02-22 00:00:00', 'Class 4', 'B', 'a:16:{i:0;s:2:"25";i:1;s:2:"20";i:2;s:2:"23";i:3;s:2:"22";i:4;s:2:"10";i:5;s:2:"20";i:6;s:1:"2";i:7;s:1:"3";i:8;s:1:"2";i:9;s:1:"5";i:10;s:1:"1";i:11;s:1:"2";i:12;s:1:"5";i:13;s:1:"6";i:14;s:1:"4";i:15;s:1:"5";}'),
(118, '84', '2013-02-22 00:00:00', 'Class 4', 'C', 'a:16:{i:0;s:2:"32";i:1;s:2:"30";i:2;s:2:"25";i:3;s:2:"25";i:4;s:2:"20";i:5;s:2:"23";i:6;s:1:"2";i:7;s:1:"1";i:8;s:1:"0";i:9;s:1:"1";i:10;s:1:"2";i:11;s:1:"2";i:12;s:1:"4";i:13;s:1:"2";i:14;s:1:"2";i:15;s:1:"5";}'),
(119, '84', '2013-02-22 00:00:00', 'Class 5', 'A', 'a:16:{i:0;s:2:"23";i:1;s:2:"25";i:2;s:2:"20";i:3;s:2:"21";i:4;s:2:"20";i:5;s:2:"20";i:6;s:1:"2";i:7;s:1:"3";i:8;s:1:"1";i:9;s:1:"2";i:10;s:1:"0";i:11;s:1:"2";i:12;s:1:"3";i:13;s:1:"6";i:14;s:1:"3";i:15;s:1:"2";}'),
(120, '84', '2013-02-22 00:00:00', 'Class 6', 'A', 'a:16:{i:0;s:2:"20";i:1;s:2:"30";i:2;s:2:"20";i:3;s:2:"25";i:4;s:2:"22";i:5;s:2:"30";i:6;s:1:"2";i:7;s:1:"3";i:8;s:1:"2";i:9;s:1:"5";i:10;s:1:"2";i:11;s:1:"5";i:12;s:2:"21";i:13;s:2:"20";i:14;s:2:"20";i:15;s:2:"23";}'),
(121, '84', '2013-02-22 00:00:00', 'Class 6', 'B', 'a:16:{i:0;s:2:"10";i:1;s:2:"20";i:2;s:2:"12";i:3;s:2:"20";i:4;s:2:"23";i:5;s:3:"202";i:6;s:1:"3";i:7;s:1:"1";i:8;s:1:"2";i:9;s:1:"3";i:10;s:1:"2";i:11;s:1:"5";i:12;s:2:"23";i:13;s:2:"21";i:14;s:2:"20";i:15;s:2:"20";}'),
(122, '84', '2013-02-22 00:00:00', 'Class 7', 'A', 'a:16:{i:0;s:2:"20";i:1;s:2:"20";i:2;s:2:"22";i:3;s:2:"20";i:4;s:2:"22";i:5;s:2:"21";i:6;s:1:"2";i:7;s:1:"3";i:8;s:1:"1";i:9;s:1:"2";i:10;s:1:"2";i:11;s:1:"4";i:12;s:2:"20";i:13;s:2:"12";i:14;s:2:"15";i:15;s:2:"16";}'),
(123, '87', '2013-02-22 00:00:00', 'Class 8', 'A', 'a:16:{i:0;s:2:"20";i:1;s:2:"25";i:2;s:2:"20";i:3;s:2:"12";i:4;s:2:"20";i:5;s:2:"12";i:6;s:1:"2";i:7;s:1:"1";i:8;s:1:"0";i:9;s:1:"2";i:10;s:1:"2";i:11;s:1:"1";i:12;s:1:"2";i:13;s:1:"3";i:14;s:1:"2";i:15;s:1:"4";}'),
(124, '87', '2013-02-22 00:00:00', 'Class 8', 'B', 'a:16:{i:0;s:2:"20";i:1;s:2:"25";i:2;s:2:"14";i:3;s:2:"16";i:4;s:2:"18";i:5;s:2:"16";i:6;s:1:"2";i:7;s:1:"1";i:8;s:1:"0";i:9;s:1:"1";i:10;s:1:"2";i:11;s:1:"1";i:12;s:2:"21";i:13;s:2:"21";i:14;s:2:"12";i:15;s:2:"12";}'),
(125, '87', '2013-02-22 00:00:00', 'Class 9', 'A', 'a:16:{i:0;s:2:"12";i:1;s:2:"20";i:2;s:2:"15";i:3;s:2:"16";i:4;s:2:"14";i:5;s:2:"15";i:6;s:1:"2";i:7;s:1:"1";i:8;s:1:"2";i:9;s:1:"0";i:10;s:1:"2";i:11;s:1:"5";i:12;s:2:"12";i:13;s:2:"15";i:14;s:2:"14";i:15;s:2:"12";}'),
(126, '87', '2013-02-22 00:00:00', 'Class 10', 'A', 'a:16:{i:0;s:2:"20";i:1;s:2:"25";i:2;s:2:"12";i:3;s:2:"16";i:4;s:2:"18";i:5;s:2:"19";i:6;s:1:"2";i:7;s:1:"1";i:8;s:1:"0";i:9;s:1:"0";i:10;s:1:"2";i:11;s:1:"1";i:12;s:1:"3";i:13;s:2:"15";i:14;s:2:"16";i:15;s:2:"15";}'),
(127, '87', '2013-02-22 00:00:00', 'Class 10', 'B', 'a:16:{i:0;s:2:"20";i:1;s:2:"15";i:2;s:2:"16";i:3;s:2:"15";i:4;s:2:"15";i:5;s:2:"16";i:6;s:1:"2";i:7;s:1:"1";i:8;s:1:"0";i:9;s:1:"1";i:10;s:2:"12";i:11;s:2:"15";i:12;s:2:"14";i:13;s:2:"13";i:14;s:2:"12";i:15;s:2:"14";}'),
(128, '87', '2013-02-22 00:00:00', 'Class 10', 'D', 'a:16:{i:0;s:2:"12";i:1;s:2:"15";i:2;s:2:"14";i:3;s:2:"12";i:4;s:2:"15";i:5;s:2:"16";i:6;s:1:"1";i:7;s:1:"3";i:8;s:1:"2";i:9;s:1:"1";i:10;s:1:"1";i:11;s:1:"5";i:12;s:1:"2";i:13;s:1:"6";i:14;s:1:"5";i:15;s:1:"4";}'),
(129, '87', '2013-02-22 00:00:00', 'Class 10', 'C', 'a:16:{i:0;s:2:"15";i:1;s:2:"15";i:2;s:2:"12";i:3;s:2:"13";i:4;s:2:"15";i:5;s:2:"15";i:6;s:1:"1";i:7;s:1:"2";i:8;s:1:"0";i:9;s:1:"1";i:10;s:2:"12";i:11;s:2:"14";i:12;s:1:"2";i:13;s:2:"14";i:14;s:2:"12";i:15;s:2:"14";}'),
(130, '88', '2013-02-22 00:00:00', 'Class 8', 'A', 'a:16:{i:0;s:2:"20";i:1;s:2:"25";i:2;s:2:"20";i:3;s:2:"21";i:4;s:2:"12";i:5;s:2:"15";i:6;s:1:"2";i:7;s:1:"1";i:8;s:1:"0";i:9;s:1:"1";i:10;s:1:"2";i:11;s:1:"4";i:12;s:2:"12";i:13;s:2:"15";i:14;s:2:"16";i:15;s:2:"13";}'),
(131, '88', '2013-02-22 00:00:00', 'Class 8', 'B', 'a:16:{i:0;s:2:"25";i:1;s:2:"26";i:2;s:2:"24";i:3;s:2:"25";i:4;s:2:"12";i:5;s:2:"16";i:6;s:1:"2";i:7;s:1:"4";i:8;s:1:"1";i:9;s:1:"3";i:10;s:1:"2";i:11;s:1:"5";i:12;s:2:"12";i:13;s:2:"13";i:14;s:2:"15";i:15;s:2:"16";}'),
(132, '88', '2013-02-22 00:00:00', 'Class 9', 'A', 'a:16:{i:0;s:2:"12";i:1;s:2:"15";i:2;s:2:"16";i:3;s:2:"14";i:4;s:2:"15";i:5;s:2:"16";i:6;s:1:"2";i:7;s:1:"1";i:8;s:1:"1";i:9;s:1:"3";i:10;s:2:"15";i:11;s:2:"16";i:12;s:2:"12";i:13;s:2:"14";i:14;s:2:"18";i:15;s:2:"19";}'),
(133, '88', '2013-02-22 00:00:00', 'Class 10', 'A', 'a:16:{i:0;s:2:"22";i:1;s:2:"25";i:2;s:2:"26";i:3;s:2:"25";i:4;s:2:"14";i:5;s:2:"16";i:6;s:1:"2";i:7;s:1:"4";i:8;s:1:"1";i:9;s:1:"3";i:10;s:1:"5";i:11;s:1:"4";i:12;s:1:"8";i:13;s:1:"6";i:14;s:2:"18";i:15;s:2:"19";}'),
(134, '88', '2013-02-22 00:00:00', 'Class 10', 'B', 'a:16:{i:0;s:2:"25";i:1;s:2:"26";i:2;s:2:"29";i:3;s:2:"16";i:4;s:2:"15";i:5;s:2:"16";i:6;s:1:"2";i:7;s:1:"4";i:8;s:1:"1";i:9;s:1:"3";i:10;s:1:"5";i:11;s:1:"4";i:12;s:2:"15";i:13;s:2:"16";i:14;s:2:"12";i:15;s:2:"13";}'),
(135, '88', '2013-02-22 00:00:00', 'Class 10', 'C', 'a:16:{i:0;s:2:"25";i:1;s:2:"13";i:2;s:2:"16";i:3;s:2:"15";i:4;s:2:"14";i:5;s:2:"22";i:6;s:1:"2";i:7;s:1:"3";i:8;s:1:"1";i:9;s:1:"0";i:10;s:1:"2";i:11;s:1:"3";i:12;s:1:"5";i:13;s:2:"16";i:14;s:2:"25";i:15;s:2:"13";}'),
(136, '86', '2013-02-22 00:00:00', 'Class 1', 'A', 'a:16:{i:0;s:2:"10";i:1;s:2:"15";i:2;s:2:"12";i:3;s:2:"12";i:4;s:2:"15";i:5;s:2:"14";i:6;s:1:"1";i:7;s:1:"2";i:8;s:1:"1";i:9;s:1:"2";i:10;s:1:"3";i:11;s:1:"4";i:12;s:2:"15";i:13;s:2:"16";i:14;s:1:"5";i:15;s:1:"6";}'),
(137, '86', '2013-02-22 00:00:00', 'Class 1', 'B', 'a:16:{i:0;s:2:"25";i:1;s:2:"22";i:2;s:2:"15";i:3;s:2:"16";i:4;s:2:"14";i:5;s:2:"15";i:6;s:1:"1";i:7;s:1:"2";i:8;s:1:"1";i:9;s:1:"5";i:10;s:1:"5";i:11;s:1:"4";i:12;s:2:"15";i:13;s:2:"16";i:14;s:1:"1";i:15;s:1:"3";}'),
(138, '86', '2013-02-22 00:00:00', 'Class 2', 'A', 'a:16:{i:0;s:2:"15";i:1;s:2:"16";i:2;s:2:"14";i:3;s:2:"15";i:4;s:2:"18";i:5;s:2:"17";i:6;s:1:"2";i:7;s:1:"4";i:8;s:1:"1";i:9;s:1:"3";i:10;s:1:"4";i:11;s:1:"6";i:12;s:2:"12";i:13;s:2:"16";i:14;s:2:"20";i:15;s:2:"22";}'),
(139, '86', '2013-02-22 00:00:00', 'Class 3', 'A', 'a:16:{i:0;s:2:"20";i:1;s:2:"25";i:2;s:2:"23";i:3;s:2:"26";i:4;s:2:"15";i:5;s:2:"16";i:6;s:1:"2";i:7;s:1:"1";i:8;s:1:"0";i:9;s:1:"2";i:10;s:1:"1";i:11;s:1:"5";i:12;s:2:"12";i:13;s:2:"15";i:14;s:2:"15";i:15;s:2:"16";}'),
(140, '86', '2013-02-22 00:00:00', 'Class 3', 'B', 'a:16:{i:0;s:2:"12";i:1;s:2:"16";i:2;s:2:"15";i:3;s:2:"14";i:4;s:2:"12";i:5;s:2:"13";i:6;s:1:"2";i:7;s:1:"3";i:8;s:1:"1";i:9;s:1:"3";i:10;s:2:"15";i:11;s:2:"16";i:12;s:2:"12";i:13;s:2:"13";i:14;s:2:"15";i:15;s:2:"16";}'),
(141, '86', '2013-02-22 00:00:00', 'Class 3', 'C', 'a:16:{i:0;s:2:"20";i:1;s:2:"25";i:2;s:2:"12";i:3;s:2:"16";i:4;s:2:"13";i:5;s:2:"15";i:6;s:1:"2";i:7;s:1:"1";i:8;s:1:"1";i:9;s:1:"4";i:10;s:1:"5";i:11;s:1:"6";i:12;s:2:"12";i:13;s:2:"15";i:14;s:2:"16";i:15;s:2:"13";}'),
(142, '86', '2013-02-22 00:00:00', 'Class 4', 'A', 'a:16:{i:0;s:2:"15";i:1;s:2:"16";i:2;s:2:"12";i:3;s:2:"15";i:4;s:2:"14";i:5;s:2:"13";i:6;s:1:"1";i:7;s:1:"1";i:8;s:1:"1";i:9;s:1:"0";i:10;s:2:"12";i:11;s:2:"15";i:12;s:2:"13";i:13;s:2:"15";i:14;s:2:"16";i:15;s:2:"14";}'),
(143, '86', '2013-02-22 00:00:00', 'Class 5', 'A', 'a:16:{i:0;s:2:"12";i:1;s:2:"15";i:2;s:2:"14";i:3;s:2:"16";i:4;s:2:"12";i:5;s:2:"15";i:6;s:2:"14";i:7;s:2:"13";i:8;s:2:"15";i:9;s:2:"16";i:10;s:2:"14";i:11;s:2:"15";i:12;s:2:"14";i:13;s:2:"15";i:14;s:2:"16";i:15;s:2:"15";}'),
(144, '86', '2013-02-22 00:00:00', 'Class 6', 'A', 'a:16:{i:0;s:2:"25";i:1;s:2:"26";i:2;s:2:"24";i:3;s:2:"15";i:4;s:2:"16";i:5;s:2:"16";i:6;s:1:"1";i:7;s:1:"2";i:8;s:1:"1";i:9;s:1:"3";i:10;s:2:"12";i:11;s:2:"15";i:12;s:2:"15";i:13;s:2:"16";i:14;s:2:"12";i:15;s:2:"13";}'),
(145, '86', '2013-02-22 00:00:00', 'Class 7', 'A', 'a:16:{i:0;s:2:"15";i:1;s:2:"16";i:2;s:2:"14";i:3;s:2:"15";i:4;s:2:"16";i:5;s:2:"15";i:6;s:1:"1";i:7;s:1:"5";i:8;s:1:"2";i:9;s:1:"3";i:10;s:1:"0";i:11;s:1:"1";i:12;s:1:"1";i:13;s:1:"2";i:14;s:2:"16";i:15;s:2:"12";}'),
(146, '', '2013-02-22 00:00:00', 'Class 8', 'A', 'a:16:{i:0;s:2:"10";i:1;s:2:"16";i:2;s:2:"15";i:3;s:2:"14";i:4;s:2:"15";i:5;s:2:"16";i:6;s:1:"2";i:7;s:1:"1";i:8;s:1:"1";i:9;s:1:"3";i:10;s:1:"2";i:11;s:1:"1";i:12;s:2:"10";i:13;s:2:"12";i:14;s:2:"10";i:15;s:2:"12";}'),
(147, '', '2013-02-22 00:00:00', 'Class 8', 'B', 'a:16:{i:0;s:2:"10";i:1;s:2:"12";i:2;s:2:"15";i:3;s:2:"16";i:4;s:2:"14";i:5;s:2:"13";i:6;s:1:"1";i:7;s:1:"2";i:8;s:1:"0";i:9;s:1:"1";i:10;s:1:"2";i:11;s:1:"1";i:12;s:2:"10";i:13;s:2:"13";i:14;s:2:"16";i:15;s:2:"15";}'),
(148, '', '2013-02-22 00:00:00', 'Class 9', 'A', 'a:16:{i:0;s:2:"12";i:1;s:2:"13";i:2;s:2:"15";i:3;s:2:"14";i:4;s:2:"16";i:5;s:2:"14";i:6;s:1:"1";i:7;s:1:"1";i:8;s:1:"2";i:9;s:1:"1";i:10;s:1:"2";i:11;s:1:"3";i:12;s:2:"12";i:13;s:2:"15";i:14;s:2:"14";i:15;s:2:"12";}'),
(149, '', '2013-02-22 00:00:00', 'Class 10', 'A', 'a:16:{i:0;s:2:"12";i:1;s:2:"13";i:2;s:2:"14";i:3;s:2:"15";i:4;s:2:"16";i:5;s:2:"14";i:6;s:1:"2";i:7;s:1:"1";i:8;s:1:"0";i:9;s:1:"1";i:10;s:1:"1";i:11;s:1:"2";i:12;s:2:"12";i:13;s:2:"14";i:14;s:2:"12";i:15;s:2:"13";}'),
(150, '', '2013-02-22 00:00:00', 'Class 10', 'B', 'a:16:{i:0;s:2:"12";i:1;s:2:"12";i:2;s:2:"14";i:3;s:2:"15";i:4;s:2:"14";i:5;s:2:"15";i:6;s:1:"2";i:7;s:1:"1";i:8;s:1:"1";i:9;s:1:"3";i:10;s:1:"2";i:11;s:1:"3";i:12;s:2:"12";i:13;s:2:"15";i:14;s:2:"14";i:15;s:2:"15";}'),
(151, '', '2013-02-22 00:00:00', 'Class 10', 'C', 'a:16:{i:0;s:2:"10";i:1;s:2:"12";i:2;s:2:"15";i:3;s:2:"12";i:4;s:2:"12";i:5;s:2:"14";i:6;s:1:"2";i:7;s:1:"4";i:8;s:1:"1";i:9;s:1:"2";i:10;s:1:"0";i:11;s:1:"1";i:12;s:2:"12";i:13;s:2:"14";i:14;s:2:"15";i:15;s:2:"12";}'),
(152, '83', '2013-03-12 00:00:00', 'Class 2', 'B', 'a:16:{i:0;s:1:"1";i:1;s:1:"2";i:2;s:1:"3";i:3;s:1:"4";i:4;s:1:"5";i:5;s:1:"6";i:6;s:1:"7";i:7;s:1:"8";i:8;s:1:"9";i:9;s:2:"10";i:10;s:2:"11";i:11;s:1:"0";i:12;s:1:"0";i:13;s:1:"0";i:14;s:1:"0";i:15;s:1:"0";}'),
(153, '83', '2013-03-12 00:00:00', 'Class 2', 'B', 'a:16:{i:0;s:1:"1";i:1;s:1:"2";i:2;s:1:"3";i:3;s:1:"4";i:4;s:1:"5";i:5;s:1:"6";i:6;s:1:"7";i:7;s:1:"8";i:8;s:1:"9";i:9;s:2:"10";i:10;s:2:"11";i:11;s:1:"0";i:12;s:1:"0";i:13;s:1:"0";i:14;s:1:"0";i:15;s:1:"0";}'),
(154, '83', '2013-03-12 00:00:00', 'Class 2', 'B', 'a:16:{i:0;s:1:"1";i:1;s:1:"2";i:2;s:1:"3";i:3;s:1:"4";i:4;s:1:"5";i:5;s:1:"6";i:6;s:1:"7";i:7;s:1:"8";i:8;s:1:"9";i:9;s:2:"10";i:10;s:2:"11";i:11;s:1:"0";i:12;s:1:"0";i:13;s:1:"0";i:14;s:1:"0";i:15;s:1:"0";}'),
(155, '83', '2013-03-12 00:00:00', 'Class 2', 'B', 'a:16:{i:0;s:1:"1";i:1;s:1:"2";i:2;s:1:"3";i:3;s:1:"4";i:4;s:1:"5";i:5;s:1:"6";i:6;s:1:"7";i:7;s:1:"8";i:8;s:1:"9";i:9;s:2:"10";i:10;s:2:"11";i:11;s:1:"0";i:12;s:1:"0";i:13;s:1:"0";i:14;s:1:"0";i:15;s:1:"0";}'),
(156, '83', '2013-03-12 00:00:00', 'Class 2', 'B', 'a:16:{i:0;s:1:"1";i:1;s:1:"2";i:2;s:1:"3";i:3;s:1:"4";i:4;s:1:"5";i:5;s:1:"6";i:6;s:1:"7";i:7;s:1:"8";i:8;s:1:"9";i:9;s:2:"10";i:10;s:2:"11";i:11;s:1:"0";i:12;s:1:"0";i:13;s:1:"0";i:14;s:1:"0";i:15;s:1:"0";}'),
(157, '83', '2013-03-12 00:00:00', 'Class 2', 'B', 'a:16:{i:0;s:1:"1";i:1;s:1:"2";i:2;s:1:"3";i:3;s:1:"4";i:4;s:1:"5";i:5;s:1:"6";i:6;s:1:"7";i:7;s:1:"8";i:8;s:1:"9";i:9;s:2:"10";i:10;s:2:"11";i:11;s:1:"0";i:12;s:1:"0";i:13;s:1:"0";i:14;s:1:"0";i:15;s:1:"0";}'),
(158, '83', '2013-03-12 00:00:00', 'Class 2', 'B', 'a:16:{i:0;s:1:"1";i:1;s:1:"2";i:2;s:1:"3";i:3;s:1:"4";i:4;s:1:"5";i:5;s:1:"6";i:6;s:1:"7";i:7;s:1:"8";i:8;s:1:"9";i:9;s:2:"10";i:10;s:2:"11";i:11;s:1:"0";i:12;s:1:"0";i:13;s:1:"0";i:14;s:1:"0";i:15;s:1:"0";}'),
(159, '83', '2013-03-12 00:00:00', 'Class 2', 'B', 'a:16:{i:0;s:1:"1";i:1;s:1:"2";i:2;s:1:"3";i:3;s:1:"4";i:4;s:1:"5";i:5;s:1:"6";i:6;s:1:"7";i:7;s:1:"8";i:8;s:1:"9";i:9;s:2:"10";i:10;s:2:"11";i:11;s:2:"12";i:12;s:1:"0";i:13;s:1:"0";i:14;s:1:"0";i:15;s:1:"0";}'),
(160, '83', '2013-03-12 00:00:00', 'Class 2', 'B', 'a:16:{i:0;s:1:"1";i:1;s:1:"2";i:2;s:1:"3";i:3;s:1:"4";i:4;s:1:"5";i:5;s:1:"6";i:6;s:1:"7";i:7;s:1:"8";i:8;s:1:"9";i:9;s:2:"10";i:10;s:2:"11";i:11;s:2:"12";i:12;s:1:"0";i:13;s:1:"0";i:14;s:1:"0";i:15;s:1:"0";}'),
(161, '83', '2013-03-12 00:00:00', 'Class 2', 'B', 'a:16:{i:0;s:1:"1";i:1;s:1:"2";i:2;s:1:"3";i:3;s:1:"4";i:4;s:1:"5";i:5;s:1:"6";i:6;s:1:"7";i:7;s:1:"8";i:8;s:1:"9";i:9;s:2:"10";i:10;s:2:"11";i:11;s:2:"12";i:12;s:2:"13";i:13;s:2:"45";i:14;s:1:"0";i:15;s:1:"0";}'),
(162, '83', '2013-03-12 00:00:00', 'Class 2', 'B', 'a:16:{i:0;s:1:"1";i:1;s:1:"2";i:2;s:1:"3";i:3;s:1:"4";i:4;s:1:"5";i:5;s:1:"6";i:6;s:1:"7";i:7;s:1:"8";i:8;s:1:"9";i:9;s:2:"10";i:10;s:2:"11";i:11;s:2:"12";i:12;s:2:"13";i:13;s:2:"45";i:14;s:2:"46";i:15;s:1:"0";}');

-- --------------------------------------------------------

--
-- Table structure for table `sum`
--

CREATE TABLE `sum` (
  `inst_id` varchar(11) NOT NULL,
  `inst_type` varchar(50) CHARACTER SET utf8 NOT NULL,
  `inst_name` varchar(50) CHARACTER SET utf8 NOT NULL
) ENGINE=MyISAM DEFAULT CHARSET=latin1;

--
-- Dumping data for table `sum`
--

INSERT INTO `sum` (`inst_id`, `inst_type`, `inst_name`) VALUES
('1', 'Дархан', '1-р баг'),
('2', 'Хонгор', '3-р баг'),
('3', 'Орхон', '5-р баг'),
('4', 'Шарын гол', '2-р баг'),
('5', 'Дархан', '9-р баг'),
('6', 'Дархан', '11-р баг'),
('7', 'Дархан', '12-р баг'),
('8', 'Дархан', '3-р баг'),
('9', 'Дархан', '4-р баг'),
('10', 'Дархан', '5-р баг'),
('11', 'Дархан', '7-р баг'),
('12', 'Дархан', '9-р баг'),
('13', 'Дархан', '13-р баг'),
('14', 'Дархан', '14-р баг'),
('15', 'Дархан', '15-р баг');

-- --------------------------------------------------------

--
-- Table structure for table `survey`
--

CREATE TABLE `survey` (
  `surveyno` int(10) NOT NULL,
  `inst_id` varchar(25) NOT NULL,
  `user_id` int(10) NOT NULL,
  `year` varchar(10) NOT NULL,
  `lastdate` date NOT NULL,
  `status` varchar(15) NOT NULL
) ENGINE=InnoDB DEFAULT CHARSET=latin1;

--
-- Dumping data for table `survey`
--

INSERT INTO `survey` (`surveyno`, `inst_id`, `user_id`, `year`, `lastdate`, `status`) VALUES
(83, 'Agnes', 6, '2013', '2013-02-19', 'Deactive'),
(84, 'Aloyious', 7, '2013', '2013-02-22', 'Deactive'),
(85, 'Alvas', 9, '2013', '2013-02-22', 'Active'),
(86, 'Balmy', 11, '2013', '2013-02-22', 'Active'),
(87, 'Candra', 8, '2013', '2013-02-22', 'Active'),
(88, 'Devi', 10, '2013', '2013-02-22', 'Active'),
(89, 'Pompei', 14, '2013', '2013-02-22', 'Active'),
(90, 'Pompei', 14, '2013', '2013-02-22', 'Active'),
(91, 'Sahara', 13, '2013', '2013-02-22', 'Active'),
(92, 'sdm', 15, '2013', '2013-02-22', 'Active'),
(93, 'sdm', 15, '2018', '2018-12-05', 'Active'),
(94, 'sdm', 15, '2018', '2018-12-05', 'Active'),
(95, 'sdm', 15, '2018', '2018-12-05', 'Active'),
(96, 'sdm', 15, '2018', '2018-12-05', 'Active'),
(97, 'sdm', 15, '2018', '2018-12-05', 'Active'),
(98, 'Candra', 8, '2018', '2018-12-04', 'Active');

-- --------------------------------------------------------

--
-- Table structure for table `tbl_admin`
--

CREATE TABLE `tbl_admin` (
  `Admin_ID` int(11) NOT NULL,
  `Last_Name` varchar(100) NOT NULL,
  `First_Name` varchar(100) NOT NULL,
  `Middle_Name` varchar(100) NOT NULL,
  `Username` varchar(100) NOT NULL,
  `Password` varchar(100) NOT NULL,
  `Location` varchar(100) NOT NULL
) ENGINE=MyISAM DEFAULT CHARSET=latin1;

--
-- Dumping data for table `tbl_admin`
--

INSERT INTO `tbl_admin` (`Admin_ID`, `Last_Name`, `First_Name`, `Middle_Name`, `Username`, `Password`, `Location`) VALUES
(28, 'Windam', 'Jared', 'Yap', 'admin', 'admin', 'upload/1292242_605321739514625_1977251878_o.jpg');

-- --------------------------------------------------------

--
-- Table structure for table `uilchilgee`
--

CREATE TABLE `uilchilgee` (
  `id` int(11) NOT NULL,
  `name` varchar(100) NOT NULL,
  `desc` text NOT NULL
) ENGINE=MyISAM DEFAULT CHARSET=utf8;

--
-- Dumping data for table `uilchilgee`
--

INSERT INTO `uilchilgee` (`id`, `name`, `desc`) VALUES
(1, 'Ахмад Настны НХҮ', 'Батсүмбэр дэх Ахмадын сувилалын газарт байгаа 2 ахмадуудаа эргэх, шинээр 1 ахмад настанг хүргэж өгөх үйл ажиллагааг НХҮХ-ийн Баг хариуцсан мэргэжилтнүүд амжилттай зохион байгуулаад ирлээ.'),
(2, 'Хүнс Тэжээлийн Дэмжлэг Туслалцаа', 'Хүнсний эрхийн бичгийн үйлчилгээнд хамрагдаж байгаа Дархан сумын иргэд, Үйлчилгээ үзүүлж байгаа хүнсний дэлгүүрүүдэд Хүнсний эрхийн бичиг олгох журам , Хүнсний эрхийн бичгийн хувийн хэргийн бүрдэлт, Сард авч буй мөнгөндөө хэрэгцээт хүнсний бүтээгдэхүүнээ зөв сонгох чиглэлээр НХҮХэлтсийн хүнс тэжээл хариуцсан мэргэжилтнүүд сургалт зохион байгууллаа.'),
(3, 'Зорилтот Бүлгэд Чиглэсэн Тэтгэвэр Тэтгэмж', '“Зорилтот өрхийн хөгжил хамгааллыг сайжруулах үндэсний хөтөлбөр”-ийн хүрээнд Нэгдсэн эмнэлгийн ахмадын тасагт Дархан сумын 12-р багийн ахмад настан А.Чулуунцэцэгийг оочир дараалалгүй 10 хоног хэвтэн эмчлүүлэхээр боллоо. Цаашид сар бүр зорилтот бүлгийн нэг ахмад настанг эмчилж сувилуулахаар болсон байна. Хамтран ажилласан Нэгдсэн эмнэлгийн ахмадын тасгийн хамт олонд талархал илэрхийлье.'),
(4, 'Хүүхдийн Мөнгө', '-УИХ дахь эмэгтэй гишүүдэд алдарт эхчүүдийн одонгийн мөнгө, хүүхдийн 20 мянган төгрөгийг олгох журамд өөрчлөлт оруулах асуудлаар иргэдээс гомдол ирсэн. Тиймээс эхчүүдийн одонгийн мөнгө, хүүхдийн мөнгийг хасах нь хэр оновчтой  вэ, үүнээс гарах үр дагавар, нийгэмд хүндрэлтэй байгаа асуудлыг улам хурцатгаж, иргэдийн санаа сэтгэлийг төөрөгдүүлж, бухимдал үүсгэх вий дээ гэдэг үүднээс Ерөнхий сайдтай уулзаж санал солилцсон. Ерөнхий сайд “Халамжийн мөнгийг танах асуудлыг үе шаттайгаар зохион байгуулалттайгаар хийнэ. Өмнөх нийгмийн үед хүүхэд нь 18 нас хүрсэн алдбарт ээжийн одонгийн мөнгийг цуцалж байсан жишээ бий. Тухайн үеийн хуулийн үзэл баримтлал болон үндэслэл нь хүүхдийн мөнгө нэртэйгээр явж байсан. Гэтэл өнөөдөр алдарт ээжийн хүүхдүүд нь 18 насанд хүрсэн, өөрсдөө аав ээж болсон хүмүүст олгож байгаа. Тиймээс эдгээр хүмүүст олгож байгаа хүүхдийн мөнгөний асуудал хөндөгдөж байна гэж ойлгох хэрэгтэй.'),
(5, 'Олон Нийтийн Оролцоонд Түшиглэсэн Халамжийн Ү', 'Хөдөлмөр, халамжийн үйлчилгээний газраас Дархан сумын ЗДТГ, Цагдаагийн газар, Эрүүл мэндийн газар болон нийгэмд үйлчилдэг төрийн бус байгууллагуудтай хамтран Дархан сумын хэмжээнд дулааны худаг, орц хонгилд амьдарч буй гэр, оронгүй тэнэмэл иргэдэд халуун хоол, цайгаар үйлчлэх, бичиг баримтжуулах, бие даан амьдрах чадвар, хөдөлмөрийн дадал олгох сургалтанд хамруулж, нийгэмшүүлэх үйл ажиллагааг 2018 оны 01 дүгээр сарын 08-ны өдрөөс эхлүүллээ.\r\nХХҮГ-ын дарга С.Энхболд дээрх Олон нийтийн оролцоонд түшиглэсэн халамжийн үйлчилгээг үзүүлэх “Сэтгэлийн ариун дэм” ТББ-ын ажилтан Б.Батбаяр, “Эзэн хичээвэл заяа хичээнэ” ТББ-ын тэргүүн Ч.Пүрэвхүү, “Мөнгөтийн таг” ТББ-ын тэргүүн П.Түмэнжаргал нартай хамтран ажиллах гэрээ байгуулсан бөгөөд энэхүү үйл ажиллагаа нь 2018 оны 02 дугаар сарын 09-ний өдөр хүртэл 1 сарын хугацаанд үргэлжилнэ.'),
(6, 'Хөгжлийн Бэрхшээлтэй Иргэний Нийгмийн Халамж', 'Тус арга хэмжээнд Аймгийн засаг дарга С.Насанбат, НБХ-ийн дарга Н.Цасчихэр, ХХҮГ-ын дарга С.Энхболд, НДХ-ийн дарга Н.Мөнхбаяр, ЭМГ-ын дарга Б.Батцэнгэл, ГБХЗХГ-ын дарга А.Амгалан, ГХБХБГазрын холбогдох мэргэжилтэн нийт 60 гаруй төрийн албан хаагч, хөгжлийн бэрхшээлтэй иргэд оролцлоо. Форумын зорилго нь Хөгжлийн бэрхшээлтэй иргэдийг нийгмийн харилцаанд тэгш оролцох, хөдөлмөрлөх эрхийг хангах, нийгмийн хамгаалал, боловсрол, эрүүл мэндийн үйлчилгээг хүндрэл чирэгдэлгүй авах боломжоор хангах, хөдөлмөрийн тухай хуулийн 111-р заалтын хэрэгжилт, хөгжлийн бэрхшээлтэй иргэдийн хязгаарлагдмал боломжид тохируулан бүх төрлийн барилга байгууламжид саадгүй зорчих орц гарц, налуу замын хүртээмжийг нэмэгдүүлэх тухай болон тулгамдаж буй асуудлуудын талаар хэлэлцэж, 2019 онд хийж хэрэгжүүлэх ажлуудыг төлөвлөж, төрийн болон төрийн бус байгууллагууд хамтран ажиллахаар боллоо. Нөлөөллийн арга хэмжээний хүрээнд хөгжлийн бэрхшээлтэй иргэдэд ээлтэй орчин үйлчилгээг бий болгосон байгууллагаар ХХҮГ-ын хамт олон Аймгийн засаг даргын нэрэмжит шилжин явах цом, өргөмжлөлөөр шагнагдлаа'),
(7, 'Нийгмийн Ажлын Арга Зүй', '“Дархан хотын хөгжлийн стратеги 2” Эрдэм шинжилгээ , Онол Практикийн багар хурал АШУҮИС-ийн соёлын төвд боллоо. Тус хуралд Нийгмийн халамж, үйлчилгээний хэлтсийн нийгмийн ажилтан М.Ганцэцэг “Гэр оронгүй тэнэмэл, зорилтот бүлгийн иргэдийг нийгэмшүүлэх, хөдөлмөрт бэлтгэх ” сэдэвт илтгэлээр оролцлоо.');

-- --------------------------------------------------------

--
-- Table structure for table `updates`
--

CREATE TABLE `updates` (
  `upda_id` int(15) NOT NULL,
  `title` varchar(300) NOT NULL,
  `descr` varchar(800) NOT NULL,
  `image_path` varchar(50) CHARACTER SET latin1 NOT NULL,
  `date` date NOT NULL,
  `time` time NOT NULL,
  `type` varchar(20) CHARACTER SET latin1 NOT NULL
) ENGINE=InnoDB DEFAULT CHARSET=utf8;

--
-- Dumping data for table `updates`
--

INSERT INTO `updates` (`upda_id`, `title`, `descr`, `image_path`, `date`, `time`, `type`) VALUES
(1, 'Сургалт', 'Энэхүү сургалтад Дархан, Хонгор, Орхон, Шарын гол сумдын болон 4, Өргөө багийг хариуцсан мэргэжилтнүүд оролцсон бөгөөд эдгээр мэргэжилтнүүд сумын хэмжээнд хууль болон Үндэсний хөтөлбөр, аймгийн дэд хөтөлбөрийн хэрэгжилтийг хангаж Хөдөлмөрийн аюулгүй байдал эрүүл ахуйн салбар зөвлөлийн нарийн бичгийн даргаар ажиллаж байна.', 'Jellyfish.jpg', '2018-10-16', '03:28:27', 'news'),
(2, 'Дархан хот байгуулагдсаны 57 жилийн ойн өдрийг угтан хийсэн ажил', ' Хөдөлмөр, халамжийн үйлчилгээний газар нь: 1.Байгууллагынхаа өнгө үзэмжийг сайжруулж засвар үйлчилгээ хийлээ. 2. "Дархан-Хөдөлмөр" нэртэй гар утасны аппликэйшн хийсэн. Тус аппликэйшнийг та өөрийн гар утсанд суулгаснаар Хөдөлмөр эрхлэлтийг дэмжих төсөл хөтөлбөрүүдийн мэдээллийг авахаас гадна НЭЭЛТТЭЙ АЖЛЫН БАЙРНЫ ЗАХИАЛГЫГ харах боломжтой. Үүнд:\r\nАндройд үйлдлийн системтэй гар утсанд "Play Store", IOS-/Iphone/ үйлдлийн системтэй гар утсанд "App Store" цэс рүү орж аппликэйшнийг татаж суулгана.', 'Jellyfish.jpg', '2018-11-21', '10:28:27', 'news'),
(7, '“Хөгжлийн бэрхшээлтэй хүний эрх оролцоо, хөгжлийг дэмжих”', 'Тус арга хэмжээнд Аймгийн засаг дарга С.Насанбат, НБХ-ийн дарга Н.Цасчихэр, ХХҮГ-ын дарга С.Энхболд, НДХ-ийн дарга Н.Мөнхбаяр, ЭМГ-ын дарга Б.Батцэнгэл, ГБХЗХГ-ын дарга А.Амгалан, ГХБХБГазрын холбогдох мэргэжилтэн нийт 60 гаруй төрийн албан хаагч, хөгжлийн бэрхшээлтэй иргэд оролцлоо. Форумын зорилго нь Хөгжлийн бэрхшээлтэй иргэдийг нийгмийн харилцаанд тэгш оролцох, хөдөлмөрлөх эрхийг хангах, нийгмийн хамгаалал, боловсрол, эрүүл мэндийн үйлчилгээг хүндрэл чирэгдэлгүй авах боломжоор хангах, хөдөлмөрийн тухай хуулийн 111-р заалтын хэрэгжилт, хөгжлийн бэрхшээлтэй иргэдийн хязгаарлагдмал боломжид тохируулан бүх төрлийн барилга байгууламжид саадгүй зорчих орц гарц, налуу замын хүртээмжийг нэмэгдүүлэх тухай болон тулгамдаж буй асуудлуудын талаар хэлэлцсэн.', 'Jellyfish.jpg', '2018-11-22', '10:16:16', ''),
(11, 'Ажлын байр', 'Нээлттэй ажлын байрны захиалга', '216board-room.jpg', '2018-12-07', '10:12:55', 'news'),
(21, '“ИРЭЭДҮЙН АЖИЛ, МЭРГЭЖИЛ” СЭДЭВТ УРАЛДААН ЗАРЛАЖ БАЙНА.', 'Олон Улсын Хөдөлмөрийн Байгууллагын 100 жилийн ой, Монгол Улс Олон Улсын Хөдөлмөрийн Байгууллагад гишүүнээр элссэний 50 жилийн ойг тохиолдуулан, “Ирээдүйн ажил, мэргэжил” сэдэвт 4 төрлийн уралдаан зарлаж байна.\r\n\r\nУралдааныг дараах ангиллаар явуулна. Үүнд:\r\n\r\nГар зургийн уралдаан: 7-13 нас\r\nЭссэ бичлэгийн уралдаан: 14-18 нас\r\nЭрдэм шинжилгээний хурал: Оюутан, залуучууд\r\nГэрэл зургийн уралдаан: Бүх насныхан\r\n\r\nГэр бүл, хүүхэд, залуучуудын хөгжлийн газар болон Хөдөлмөр, нийгмийн хамгааллын судалгааны институт уралдааныг хариуцан зохион байгуулах ба удирдамжийг хавсралт хэсгээс татаж авна уу.', 'Jellyfish.jpg', '2018-12-10', '03:28:27', 'news'),
(22, 'Албан хаагчдын судалгаа', 'Дархан-Уул аймагийн хөдөлмөр халамж үйлчилгээний газрын ажилчид шалгалт өгөв', 'lecture-4-8-638.jpg', '2018-12-10', '05:56:05', 'news');

-- --------------------------------------------------------

--
-- Table structure for table `upload_data`
--

CREATE TABLE `upload_data` (
  `slnum` int(10) NOT NULL,
  `album_id` int(10) NOT NULL,
  `file_name` varchar(100) NOT NULL,
  `file_size` varchar(100) NOT NULL,
  `fle_type` varchar(100) NOT NULL
) ENGINE=InnoDB DEFAULT CHARSET=latin1;

--
-- Dumping data for table `upload_data`
--

INSERT INTO `upload_data` (`slnum`, `album_id`, `file_name`, `file_size`, `fle_type`) VALUES
(16, 1, '0105Picture062.jpg.png', '111340', 'image/png'),
(17, 1, '0251virasath.jpg.png', '83555', 'image/png'),
(19, 1, '021Virasath-2.jpg.png', '124351', 'image/png'),
(20, 1, '020Picture006.jpg.png', '128314', 'image/png'),
(21, 1, '0106Virasath.jpg.png', '105923', 'image/png'),
(24, 3, '023IMG_0498.JPG.png', '138548', 'image/png'),
(25, 3, '022Nudisiri-1.jpg.png', '125397', 'image/png');

-- --------------------------------------------------------

--
-- Table structure for table `user`
--

CREATE TABLE `user` (
  `user_id` int(10) NOT NULL,
  `inst_id` varchar(25) CHARACTER SET latin1 NOT NULL,
  `emp_fname` varchar(25) CHARACTER SET latin1 NOT NULL,
  `emp_lname` varchar(20) CHARACTER SET latin1 NOT NULL,
  `gender` varchar(10) CHARACTER SET latin1 NOT NULL,
  `s_emailid` varchar(25) CHARACTER SET latin1 NOT NULL,
  `password` varchar(25) CHARACTER SET latin1 NOT NULL,
  `created_at` date NOT NULL
) ENGINE=InnoDB DEFAULT CHARSET=utf8;

--
-- Dumping data for table `user`
--

INSERT INTO `user` (`user_id`, `inst_id`, `emp_fname`, `emp_lname`, `gender`, `s_emailid`, `password`, `created_at`) VALUES
(1, '1', 'Bold', 'Enhdalai', 'male', 'dalai@gmail.com', '1234', '2018-11-05'),
(21, '8', 'Lhagva', 'Nomin', 'female', 'nomin@gmail.com', '12345678', '2018-12-24'),
(22, '10', 'Baatar', 'Bold', 'male', 'bold@gmail.com', 'bold1234', '2018-12-24'),
(23, '6', 'Erdene', 'Saruul', 'male', 'saruul@gmail.com', '12345678', '2018-12-24');

-- --------------------------------------------------------

--
-- Table structure for table `users`
--

CREATE TABLE `users` (
  `id` int(11) NOT NULL,
  `username` varchar(100) NOT NULL,
  `email` varchar(100) NOT NULL,
  `password` varchar(100) NOT NULL
) ENGINE=InnoDB DEFAULT CHARSET=latin1;

--
-- Dumping data for table `users`
--

INSERT INTO `users` (`id`, `username`, `email`, `password`) VALUES
(1, 'tom', 'tom@gmail.com', '1234'),
(2, 'saraa', 'saraa@code.com', '12345'),
(3, 'Adam', 'adam@code.com', '1234'),
(5, 'nyam', 'nyam@gmail.com', '1234'),
(6, 'ariuk', 'ariuk@gmail.com', '1234');

--
-- Indexes for dumped tables
--

--
-- Indexes for table `admin`
--
ALTER TABLE `admin`
  ADD PRIMARY KEY (`admin_id`);

--
-- Indexes for table `adv_disadv`
--
ALTER TABLE `adv_disadv`
  ADD PRIMARY KEY (`sl_no`);

--
-- Indexes for table `bag`
--
ALTER TABLE `bag`
  ADD PRIMARY KEY (`id`);

--
-- Indexes for table `gallery`
--
ALTER TABLE `gallery`
  ADD PRIMARY KEY (`album_id`);

--
-- Indexes for table `infrastructure`
--
ALTER TABLE `infrastructure`
  ADD PRIMARY KEY (`sl_no`);

--
-- Indexes for table `institute`
--
ALTER TABLE `institute`
  ADD PRIMARY KEY (`inst_id`);

--
-- Indexes for table `institute2`
--
ALTER TABLE `institute2`
  ADD PRIMARY KEY (`inst_id`);

--
-- Indexes for table `miscdetails`
--
ALTER TABLE `miscdetails`
  ADD PRIMARY KEY (`sl_no`);

--
-- Indexes for table `ol`
--
ALTER TABLE `ol`
  ADD PRIMARY KEY (`inst_id`);

--
-- Indexes for table `payment`
--
ALTER TABLE `payment`
  ADD PRIMARY KEY (`sl_no`);

--
-- Indexes for table `problem_faced`
--
ALTER TABLE `problem_faced`
  ADD PRIMARY KEY (`sl_no`);

--
-- Indexes for table `results`
--
ALTER TABLE `results`
  ADD PRIMARY KEY (`sl_no`);

--
-- Indexes for table `staff`
--
ALTER TABLE `staff`
  ADD PRIMARY KEY (`sl_no`);

--
-- Indexes for table `student`
--
ALTER TABLE `student`
  ADD PRIMARY KEY (`student_id`);

--
-- Indexes for table `students`
--
ALTER TABLE `students`
  ADD PRIMARY KEY (`sl_no`);

--
-- Indexes for table `sum`
--
ALTER TABLE `sum`
  ADD PRIMARY KEY (`inst_id`);

--
-- Indexes for table `survey`
--
ALTER TABLE `survey`
  ADD PRIMARY KEY (`surveyno`);

--
-- Indexes for table `tbl_admin`
--
ALTER TABLE `tbl_admin`
  ADD PRIMARY KEY (`Admin_ID`);

--
-- Indexes for table `uilchilgee`
--
ALTER TABLE `uilchilgee`
  ADD PRIMARY KEY (`id`);

--
-- Indexes for table `updates`
--
ALTER TABLE `updates`
  ADD PRIMARY KEY (`upda_id`);

--
-- Indexes for table `upload_data`
--
ALTER TABLE `upload_data`
  ADD PRIMARY KEY (`slnum`);

--
-- Indexes for table `user`
--
ALTER TABLE `user`
  ADD PRIMARY KEY (`user_id`);

--
-- Indexes for table `users`
--
ALTER TABLE `users`
  ADD PRIMARY KEY (`id`);

--
-- AUTO_INCREMENT for dumped tables
--

--
-- AUTO_INCREMENT for table `admin`
--
ALTER TABLE `admin`
  MODIFY `admin_id` int(10) NOT NULL AUTO_INCREMENT, AUTO_INCREMENT=2;
--
-- AUTO_INCREMENT for table `adv_disadv`
--
ALTER TABLE `adv_disadv`
  MODIFY `sl_no` int(10) NOT NULL AUTO_INCREMENT, AUTO_INCREMENT=13;
--
-- AUTO_INCREMENT for table `gallery`
--
ALTER TABLE `gallery`
  MODIFY `album_id` int(10) NOT NULL AUTO_INCREMENT, AUTO_INCREMENT=3;
--
-- AUTO_INCREMENT for table `infrastructure`
--
ALTER TABLE `infrastructure`
  MODIFY `sl_no` int(10) NOT NULL AUTO_INCREMENT, AUTO_INCREMENT=40;
--
-- AUTO_INCREMENT for table `miscdetails`
--
ALTER TABLE `miscdetails`
  MODIFY `sl_no` int(10) NOT NULL AUTO_INCREMENT, AUTO_INCREMENT=20;
--
-- AUTO_INCREMENT for table `payment`
--
ALTER TABLE `payment`
  MODIFY `sl_no` int(10) NOT NULL AUTO_INCREMENT, AUTO_INCREMENT=34;
--
-- AUTO_INCREMENT for table `problem_faced`
--
ALTER TABLE `problem_faced`
  MODIFY `sl_no` int(10) NOT NULL AUTO_INCREMENT, AUTO_INCREMENT=12;
--
-- AUTO_INCREMENT for table `results`
--
ALTER TABLE `results`
  MODIFY `sl_no` int(10) NOT NULL AUTO_INCREMENT, AUTO_INCREMENT=13;
--
-- AUTO_INCREMENT for table `staff`
--
ALTER TABLE `staff`
  MODIFY `sl_no` int(10) NOT NULL AUTO_INCREMENT, AUTO_INCREMENT=56;
--
-- AUTO_INCREMENT for table `student`
--
ALTER TABLE `student`
  MODIFY `student_id` int(100) NOT NULL AUTO_INCREMENT, AUTO_INCREMENT=5;
--
-- AUTO_INCREMENT for table `students`
--
ALTER TABLE `students`
  MODIFY `sl_no` int(10) NOT NULL AUTO_INCREMENT, AUTO_INCREMENT=163;
--
-- AUTO_INCREMENT for table `survey`
--
ALTER TABLE `survey`
  MODIFY `surveyno` int(10) NOT NULL AUTO_INCREMENT, AUTO_INCREMENT=99;
--
-- AUTO_INCREMENT for table `tbl_admin`
--
ALTER TABLE `tbl_admin`
  MODIFY `Admin_ID` int(11) NOT NULL AUTO_INCREMENT, AUTO_INCREMENT=29;
--
-- AUTO_INCREMENT for table `updates`
--
ALTER TABLE `updates`
  MODIFY `upda_id` int(15) NOT NULL AUTO_INCREMENT, AUTO_INCREMENT=23;
--
-- AUTO_INCREMENT for table `upload_data`
--
ALTER TABLE `upload_data`
  MODIFY `slnum` int(10) NOT NULL AUTO_INCREMENT, AUTO_INCREMENT=26;
--
-- AUTO_INCREMENT for table `user`
--
ALTER TABLE `user`
  MODIFY `user_id` int(10) NOT NULL AUTO_INCREMENT, AUTO_INCREMENT=24;
--
-- AUTO_INCREMENT for table `users`
--
ALTER TABLE `users`
  MODIFY `id` int(11) NOT NULL AUTO_INCREMENT, AUTO_INCREMENT=7;
/*!40101 SET CHARACTER_SET_CLIENT=@OLD_CHARACTER_SET_CLIENT */;
/*!40101 SET CHARACTER_SET_RESULTS=@OLD_CHARACTER_SET_RESULTS */;
/*!40101 SET COLLATION_CONNECTION=@OLD_COLLATION_CONNECTION */;
